{"type":"FeatureCollection","features":[
{"type":"Feature","properties":{"ekatte":"94015","kind":"1","name_bg":"Курортен комплекс \"Златни пясъци\"","name_en":"Kurorten kompleks \"Zlatni pyasatsi\"","parent_ekatte":"VAR06","parent_name":"Варна","parent_is_nuts4":"1","area2_ekatte":"","area2_name":"","document":"222","osm_type":"relation","osm_id":13491682,"match_method":"name_core","match_confidence":0.7},"geometry":{"type":"MultiPolygon","coordinates":[[[[28.025678,43.2729],[28.025923,43.272918],[28.026163,43.272941],[28.026526,43.272983],[28.026606,43.272999],[28.027078,43.272902],[28.027094,43.272902],[28.027137,43.272858],[28.027168,43.272814],[28.027203,43.272752],[28.027231,43.27269],[28.027333,43.272551],[28.02748,43.272381],[28.027482,43.27237],[28.027568,43.272314],[28.027801,43.272234],[28.027871,43.272205],[28.028031,43.27211],[28.028058,43.272075],[28.028074,43.272014],[28.028075,43.271988],[28.028085,43.271962],[28.028113,43.271913],[28.028128,43.271809],[28.028128,43.271734],[28.028105,43.271527],[28.028167,43.271524],[28.02815,43.271347],[28.0281,43.271295],[28.028035,43.271116],[28.028073,43.270966],[28.028048,43.270891],[28.028098,43.270675],[28.028153,43.270592],[28.028102,43.270499],[28.028042,43.270422],[28.027729,43.27009],[28.027344,43.269918],[28.02722,43.269841],[28.026626,43.269491],[28.026348,43.269138],[28.026302,43.269064],[28.026288,43.269023],[28.026245,43.268979],[28.026195,43.268943],[28.026113,43.26891],[28.026003,43.268887],[28.025895,43.268881],[28.0257,43.268899],[28.025589,43.268888],[28.025434,43.268737],[28.025373,43.26866],[28.025287,43.268582],[28.024597,43.268226],[28.024501,43.268165],[28.024415,43.268101],[28.024347,43.268037],[28.024296,43.267964],[28.024264,43.267887],[28.024244,43.267801],[28.024215,43.267626],[28.024203,43.267543],[28.0242,43.267457],[28.024222,43.267272],[28.024242,43.267185],[28.024269,43.267102],[28.024369,43.266867],[28.024385,43.266818],[28.024406,43.26641],[28.024364,43.266341],[28.024312,43.266327],[28.023479,43.266701],[28.023384,43.26674],[28.02329,43.266765],[28.02318,43.26678],[28.023152,43.266778],[28.022824,43.266987],[28.022552,43.266994],[28.022387,43.26708],[28.022315,43.267148],[28.022178,43.267224],[28.022158,43.2672],[28.021693,43.267465],[28.021394,43.267366],[28.02104,43.267312],[28.021022,43.26734],[28.020901,43.267338],[28.020891,43.267282],[28.02087,43.267282],[28.020443,43.266913],[28.020388,43.266961],[28.020276,43.266915],[28.020149,43.266851],[28.019886,43.266752],[28.019675,43.266553],[28.019801,43.266933],[28.019903,43.267174],[28.020014,43.267491],[28.020038,43.267599],[28.020221,43.268161],[28.020354,43.26849],[28.020423,43.268639],[28.020599,43.268988],[28.020798,43.269363],[28.02095,43.269595],[28.021036,43.269713],[28.02121,43.269975],[28.021355,43.270106],[28.021591,43.270366],[28.021751,43.270499],[28.02194,43.270623],[28.022026,43.270696],[28.023072,43.271654],[28.02364,43.272136],[28.024221,43.272677],[28.024614,43.273072],[28.024723,43.273018],[28.024834,43.272971],[28.024968,43.272932],[28.02506,43.272919],[28.025555,43.272897],[28.025678,43.2729]]],[[[28.06069,43.338861],[28.060702,43.338826],[28.060692,43.338771],[28.060687,43.338753],[28.060662,43.338721],[28.060631,43.338705],[28.060552,43.338706],[28.060451,43.338726],[28.059931,43.338906],[28.059814,43.33894],[28.059525,43.339009],[28.059366,43.339033],[28.059172,43.339037],[28.059102,43.339009],[28.059024,43.338961],[28.059002,43.338901],[28.058999,43.338821],[28.059023,43.33875],[28.059095,43.33867],[28.059689,43.338259],[28.059724,43.338215],[28.059812,43.338046],[28.060694,43.337055],[28.060805,43.336973],[28.061705,43.335828],[28.061836,43.335637],[28.061901,43.335494],[28.061926,43.335315],[28.061733,43.335296],[28.06164,43.335281],[28.061596,43.335244],[28.061514,43.335151],[28.061461,43.335102],[28.061233,43.334961],[28.061152,43.334899],[28.061081,43.33483],[28.06103,43.334751],[28.060941,43.334599],[28.060826,43.334431],[28.060776,43.334347],[28.06074,43.334268],[28.060727,43.334184],[28.060725,43.334093],[28.060736,43.333638],[28.060714,43.333089],[28.060772,43.332817],[28.060781,43.332697],[28.060784,43.332468],[28.060774,43.332103],[28.060763,43.33199],[28.060733,43.331881],[28.060665,43.331682],[28.060657,43.33158],[28.060679,43.331466],[28.060825,43.331151],[28.060861,43.331039],[28.060883,43.330937],[28.060887,43.330833],[28.060866,43.33061],[28.060848,43.330508],[28.060823,43.330404],[28.06078,43.330292],[28.060718,43.330192],[28.060548,43.330015],[28.060471,43.329923],[28.060427,43.32983],[28.060407,43.329738],[28.060404,43.329648],[28.060409,43.329546],[28.060386,43.329447],[28.060272,43.32925],[28.060217,43.329144],[28.060175,43.329041],[28.060169,43.328839],[28.060124,43.328741],[28.06004,43.328642],[28.059968,43.328542],[28.059923,43.328441],[28.059905,43.328331],[28.059894,43.328013],[28.059895,43.327898],[28.05989,43.327792],[28.059877,43.327698],[28.059852,43.327604],[28.059773,43.327418],[28.059758,43.327325],[28.059791,43.327034],[28.059776,43.32693],[28.059733,43.326717],[28.059706,43.326401],[28.059691,43.32629],[28.059668,43.326184],[28.05958,43.32587],[28.059557,43.325772],[28.059552,43.325671],[28.059639,43.325362],[28.059651,43.325265],[28.059648,43.325157],[28.059613,43.325055],[28.059549,43.324963],[28.059388,43.324769],[28.059324,43.324669],[28.059272,43.324577],[28.059218,43.32442],[28.059392,43.324302],[28.059483,43.324246],[28.059594,43.324194],[28.059685,43.324159],[28.05981,43.324117],[28.059969,43.324069],[28.060097,43.324044],[28.060247,43.323999],[28.060679,43.323809],[28.060835,43.323729],[28.060969,43.323667],[28.060951,43.323551],[28.061009,43.323507],[28.061079,43.323488],[28.061234,43.323495],[28.061302,43.323518],[28.061493,43.323423],[28.061111,43.322474],[28.061061,43.322378],[28.061006,43.322302],[28.060913,43.322208],[28.060507,43.321767],[28.059906,43.321149],[28.058311,43.319361],[28.058264,43.319385],[28.058211,43.319434],[28.058133,43.31949],[28.057976,43.319567],[28.05799,43.319688],[28.058119,43.319851],[28.058279,43.320151],[28.058303,43.32024],[28.058257,43.320327],[28.058191,43.320395],[28.05817,43.320462],[28.058183,43.320656],[28.058231,43.320842],[28.058257,43.320925],[28.058166,43.320967],[28.058032,43.320993],[28.057941,43.320977],[28.057576,43.320736],[28.057499,43.320676],[28.057374,43.320556],[28.057258,43.320365],[28.057169,43.320183],[28.057047,43.319891],[28.056989,43.319717],[28.056906,43.319552],[28.056864,43.319418],[28.056779,43.31924],[28.056614,43.318972],[28.056573,43.318917],[28.056534,43.318764],[28.05652,43.318596],[28.056523,43.318409],[28.056355,43.318234],[28.056266,43.318168],[28.056206,43.318106],[28.056148,43.318032],[28.056107,43.318008],[28.056,43.317913],[28.055889,43.317823],[28.055787,43.317709],[28.055722,43.317591],[28.055689,43.317416],[28.055669,43.317358],[28.055513,43.317115],[28.055485,43.316985],[28.055476,43.316902],[28.055428,43.316745],[28.055413,43.316635],[28.055422,43.316651],[28.055736,43.316511],[28.055195,43.315837],[28.055142,43.315845],[28.055055,43.3159],[28.05497,43.31596],[28.054881,43.315962],[28.054716,43.315708],[28.054579,43.315552],[28.054481,43.315385],[28.054388,43.315261],[28.054348,43.315146],[28.054343,43.315131],[28.054356,43.315097],[28.054355,43.314987],[28.054369,43.314926],[28.05443,43.314902],[28.054454,43.314897],[28.05434,43.314775],[28.054242,43.314696],[28.0542,43.314537],[28.053965,43.314205],[28.053901,43.314132],[28.053784,43.313922],[28.053725,43.313799],[28.05365,43.313674],[28.053591,43.313563],[28.053548,43.313467],[28.053414,43.313498],[28.053266,43.313512],[28.052903,43.313533],[28.05277,43.313529],[28.052671,43.313494],[28.052604,43.313417],[28.052567,43.313334],[28.052558,43.313235],[28.052529,43.313202],[28.052324,43.312921],[28.052049,43.312602],[28.051941,43.312495],[28.051854,43.312377],[28.051862,43.312321],[28.051884,43.312334],[28.051917,43.312203],[28.051993,43.312069],[28.052079,43.311955],[28.052071,43.311908],[28.052054,43.311647],[28.052055,43.311557],[28.052062,43.311483],[28.052052,43.311377],[28.052012,43.311263],[28.051955,43.311028],[28.051953,43.310746],[28.051996,43.310637],[28.052088,43.310503],[28.0522,43.31045],[28.05231,43.310425],[28.052386,43.310375],[28.052375,43.310321],[28.052341,43.310207],[28.052261,43.309897],[28.052051,43.309176],[28.052,43.309024],[28.051945,43.308791],[28.051913,43.308802],[28.051697,43.308325],[28.05157,43.308127],[28.051491,43.308025],[28.050895,43.307429],[28.050838,43.307187],[28.050816,43.307039],[28.050798,43.306737],[28.050577,43.305863],[28.050515,43.305656],[28.050435,43.305438],[28.050412,43.305387],[28.050355,43.305296],[28.050295,43.305307],[28.050211,43.305079],[28.050246,43.305072],[28.05017,43.30487],[28.050053,43.304892],[28.050012,43.304798],[28.050006,43.304773],[28.050014,43.304701],[28.049854,43.304781],[28.049817,43.304804],[28.049786,43.30483],[28.049457,43.305185],[28.049315,43.305366],[28.049379,43.305393],[28.049398,43.305437],[28.049093,43.305919],[28.049042,43.306377],[28.048984,43.306686],[28.048924,43.306752],[28.048854,43.306796],[28.048823,43.30688],[28.048922,43.307011],[28.048983,43.307175],[28.049011,43.307379],[28.049018,43.307644],[28.04853,43.30769],[28.048176,43.307703],[28.047458,43.307721],[28.047302,43.307741],[28.047028,43.307762],[28.046851,43.307722],[28.046768,43.307608],[28.046711,43.30747],[28.046686,43.307344],[28.046621,43.307248],[28.046482,43.307147],[28.046381,43.307065],[28.046242,43.306944],[28.046037,43.306693],[28.045926,43.30646],[28.045802,43.306233],[28.045669,43.306035],[28.045517,43.305877],[28.045283,43.305681],[28.045243,43.305582],[28.045255,43.305456],[28.045297,43.305331],[28.045392,43.305003],[28.045453,43.304874],[28.045557,43.304758],[28.045755,43.304347],[28.045848,43.304173],[28.045987,43.30358],[28.046037,43.303301],[28.046049,43.30308],[28.046176,43.302721],[28.046172,43.302599],[28.04615,43.302535],[28.047365,43.301423],[28.047564,43.301349],[28.047061,43.300692],[28.047205,43.300636],[28.047107,43.30045],[28.046963,43.300129],[28.046894,43.300029],[28.04675,43.29987],[28.04667,43.299808],[28.046432,43.299654],[28.046002,43.29944],[28.045762,43.299306],[28.045695,43.299277],[28.045386,43.299166],[28.045357,43.299199],[28.045086,43.29907],[28.045118,43.299036],[28.044829,43.29889],[28.044586,43.298736],[28.044474,43.298655],[28.044369,43.29857],[28.044267,43.298479],[28.044174,43.298386],[28.044089,43.298293],[28.044005,43.29819],[28.043931,43.298088],[28.043866,43.297985],[28.043771,43.297805],[28.043696,43.297617],[28.043165,43.295824],[28.043051,43.295609],[28.043012,43.295476],[28.042997,43.295306],[28.042966,43.295317],[28.042817,43.294891],[28.042816,43.294706],[28.042618,43.294579],[28.042695,43.294531],[28.042796,43.294613],[28.042816,43.294624],[28.042841,43.294629],[28.042866,43.294625],[28.042879,43.294608],[28.042956,43.293771],[28.042996,43.293627],[28.04293,43.293349],[28.042815,43.293149],[28.042025,43.292306],[28.041699,43.291976],[28.04148,43.291815],[28.041218,43.291689],[28.040919,43.291603],[28.040596,43.291524],[28.039993,43.29139],[28.039679,43.291308],[28.039374,43.291201],[28.038912,43.290906],[28.038775,43.290753],[28.038637,43.29055],[28.03857,43.290379],[28.038532,43.290235],[28.03843,43.289922],[28.038246,43.289218],[28.038161,43.28895],[28.037918,43.288625],[28.03756,43.288281],[28.037372,43.28808],[28.03727,43.287981],[28.037195,43.287892],[28.036744,43.287751],[28.036338,43.287618],[28.036058,43.287486],[28.035931,43.287373],[28.035786,43.287191],[28.035732,43.287004],[28.035627,43.2862],[28.035581,43.286079],[28.035491,43.285973],[28.035322,43.285842],[28.035061,43.285619],[28.034503,43.285184],[28.034249,43.284972],[28.033986,43.28476],[28.033943,43.284733],[28.033782,43.284581],[28.033727,43.284551],[28.033682,43.284519],[28.033628,43.28451],[28.033408,43.284356],[28.03337,43.284222],[28.033292,43.28388],[28.033199,43.283375],[28.033123,43.283149],[28.033031,43.282891],[28.032869,43.282528],[28.032806,43.282321],[28.032692,43.282035],[28.032575,43.281767],[28.032465,43.281532],[28.032402,43.281345],[28.032322,43.281158],[28.032229,43.280962],[28.032115,43.280836],[28.031905,43.280678],[28.031626,43.280522],[28.031376,43.280358],[28.031138,43.280181],[28.030903,43.280034],[28.030754,43.279902],[28.030593,43.279732],[28.030485,43.279497],[28.030416,43.279375],[28.030291,43.27912],[28.030161,43.278882],[28.029978,43.278524],[28.029936,43.278383],[28.029924,43.278206],[28.029989,43.278045],[28.030135,43.27783],[28.030232,43.277709],[28.030401,43.277513],[28.030483,43.277429],[28.030568,43.277277],[28.030623,43.277111],[28.030642,43.27695],[28.030557,43.276717],[28.030508,43.276566],[28.030269,43.276474],[28.030122,43.276423],[28.030022,43.276405],[28.029968,43.27644],[28.029954,43.276467],[28.029706,43.276495],[28.029215,43.276598],[28.028815,43.276714],[28.028682,43.276746],[28.028551,43.276767],[28.028312,43.276782],[28.027987,43.276787],[28.02775,43.27678],[28.027501,43.276761],[28.027336,43.27676],[28.027172,43.276752],[28.026677,43.276726],[28.026353,43.276702],[28.025544,43.276662],[28.025637,43.276542],[28.025837,43.276466],[28.026061,43.276357],[28.026469,43.276087],[28.026452,43.276088],[28.026394,43.276107],[28.026262,43.276177],[28.026097,43.276256],[28.025934,43.276325],[28.025853,43.276348],[28.025762,43.27636],[28.025665,43.276349],[28.025578,43.276314],[28.025505,43.276267],[28.025452,43.27621],[28.02542,43.27614],[28.025408,43.276061],[28.025411,43.275978],[28.025416,43.275955],[28.025363,43.275949],[28.025204,43.275908],[28.024973,43.275863],[28.024852,43.275835],[28.024732,43.275795],[28.024622,43.275737],[28.024522,43.275672],[28.024436,43.275599],[28.02436,43.275523],[28.023829,43.274973],[28.023453,43.274656],[28.023277,43.274473],[28.023191,43.274395],[28.023101,43.274326],[28.023023,43.274277],[28.022958,43.274246],[28.023232,43.274073],[28.023292,43.274027],[28.02335,43.273967],[28.023424,43.273902],[28.023931,43.273496],[28.024065,43.273362],[28.024131,43.273308],[28.024208,43.273262],[28.024279,43.27323],[28.024338,43.27321],[28.024403,43.273198],[28.023368,43.27223],[28.022827,43.271737],[28.021811,43.270794],[28.021679,43.270697],[28.021483,43.27054],[28.021387,43.270428],[28.02122,43.270279],[28.020994,43.270015],[28.020838,43.269814],[28.020585,43.269444],[28.020376,43.26908],[28.020236,43.268798],[28.02009,43.268467],[28.020004,43.268226],[28.019812,43.267635],[28.019667,43.267243],[28.019553,43.267026],[28.019537,43.266985],[28.019457,43.267],[28.019267,43.267093],[28.019044,43.267195],[28.018927,43.267216],[28.018805,43.267216],[28.018711,43.267221],[28.018724,43.267562],[28.018527,43.267566],[28.018527,43.267585],[28.018139,43.267604],[28.018127,43.267607],[28.01802,43.267618],[28.017939,43.267621],[28.017939,43.267617],[28.017654,43.267635],[28.017551,43.267627],[28.01737,43.267638],[28.017133,43.267659],[28.016723,43.267676],[28.016477,43.267649],[28.016023,43.26765],[28.015925,43.267626],[28.015668,43.267196],[28.015507,43.267089],[28.015455,43.267015],[28.015405,43.266921],[28.015318,43.266696],[28.015294,43.266622],[28.015257,43.266436],[28.015231,43.266131],[28.015227,43.266046],[28.015236,43.266001],[28.015265,43.265948],[28.015301,43.265903],[28.015387,43.265831],[28.015447,43.265795],[28.015539,43.265764],[28.015625,43.265742],[28.01582,43.265704],[28.015876,43.265699],[28.015898,43.265687],[28.015913,43.265671],[28.015929,43.265624],[28.015935,43.265579],[28.015932,43.265534],[28.015914,43.265483],[28.01588,43.265439],[28.015606,43.265268],[28.015488,43.265203],[28.015349,43.265141],[28.015286,43.265128],[28.015199,43.265124],[28.015133,43.265113],[28.01508,43.265094],[28.015022,43.265069],[28.01481,43.264922],[28.014679,43.26486],[28.014591,43.264827],[28.014604,43.264974],[28.014594,43.26505],[28.014554,43.265122],[28.014489,43.265197],[28.014405,43.265276],[28.014291,43.265346],[28.014147,43.265398],[28.014104,43.265408],[28.013944,43.265478],[28.013892,43.265493],[28.013783,43.265507],[28.013713,43.265503],[28.013673,43.265494],[28.013469,43.265485],[28.013261,43.265536],[28.013131,43.265581],[28.013012,43.265635],[28.01247,43.265938],[28.012197,43.266128],[28.012083,43.266193],[28.011895,43.266286],[28.011839,43.266305],[28.011653,43.266337],[28.011467,43.266344],[28.011354,43.266245],[28.011259,43.266177],[28.011229,43.266155],[28.011157,43.266122],[28.011122,43.266089],[28.011088,43.265987],[28.011079,43.265972],[28.011049,43.26595],[28.011038,43.265948],[28.010868,43.266242],[28.010798,43.266306],[28.010694,43.266355],[28.010594,43.266394],[28.010481,43.266414],[28.010355,43.266409],[28.010238,43.266385],[28.009613,43.266219],[28.00955,43.266266],[28.009053,43.266473],[28.00904,43.26654],[28.00902,43.26659],[28.008985,43.266648],[28.008937,43.266699],[28.008729,43.266841],[28.008684,43.266896],[28.008653,43.26696],[28.008633,43.267038],[28.008623,43.267121],[28.008625,43.267197],[28.008635,43.267271],[28.008723,43.267359],[28.008782,43.267527],[28.008814,43.267648],[28.008803,43.267727],[28.008734,43.267821],[28.008599,43.267909],[28.00864,43.267984],[28.008627,43.268089],[28.008656,43.268178],[28.008651,43.268382],[28.008629,43.268547],[28.008609,43.268613],[28.008594,43.26869],[28.008595,43.268738],[28.008547,43.268867],[28.008532,43.268925],[28.008512,43.269075],[28.008484,43.269228],[28.008445,43.269389],[28.008367,43.269846],[28.008384,43.270078],[28.008391,43.270325],[28.008444,43.27062],[28.008499,43.270792],[28.008478,43.270865],[28.008434,43.270888],[28.008376,43.270898],[28.008313,43.270826],[28.008329,43.270947],[28.008408,43.271136],[28.008417,43.271222],[28.008401,43.271372],[28.008436,43.271448],[28.008499,43.271611],[28.008602,43.271821],[28.008704,43.272054],[28.008829,43.272273],[28.008904,43.272499],[28.00902,43.272742],[28.009102,43.272988],[28.009118,43.273043],[28.009118,43.27314],[28.009143,43.273255],[28.009194,43.273387],[28.009249,43.27358],[28.009257,43.273662],[28.009284,43.273812],[28.009287,43.273883],[28.009558,43.274324],[28.009771,43.274582],[28.009982,43.274827],[28.010082,43.274893],[28.01013,43.274957],[28.010192,43.275105],[28.010267,43.275151],[28.010421,43.275281],[28.010594,43.275419],[28.010807,43.275511],[28.010847,43.275602],[28.010974,43.275676],[28.011178,43.275813],[28.01137,43.27599],[28.011399,43.276027],[28.011443,43.276197],[28.01152,43.276244],[28.011534,43.276353],[28.011609,43.276374],[28.011743,43.276457],[28.011898,43.27661],[28.011991,43.276681],[28.012285,43.276877],[28.012396,43.276938],[28.012808,43.277118],[28.012908,43.277169],[28.012938,43.277184],[28.013043,43.277244],[28.01317,43.277373],[28.013599,43.277568],[28.013842,43.277689],[28.014414,43.277907],[28.014619,43.278015],[28.014759,43.278082],[28.01485,43.278095],[28.014971,43.278082],[28.015045,43.278098],[28.015134,43.278179],[28.015224,43.278166],[28.015286,43.278173],[28.015374,43.278303],[28.015444,43.278376],[28.015604,43.278441],[28.015732,43.278482],[28.015843,43.278399],[28.015899,43.278412],[28.015914,43.278428],[28.01632,43.278487],[28.016778,43.278654],[28.016853,43.278651],[28.017005,43.278669],[28.017199,43.278761],[28.017229,43.278798],[28.017333,43.278826],[28.017379,43.27886],[28.017353,43.278883],[28.017377,43.279088],[28.017459,43.279172],[28.017513,43.279146],[28.017624,43.279079],[28.017797,43.279234],[28.017865,43.279274],[28.017934,43.279382],[28.018015,43.279459],[28.01805,43.279591],[28.018049,43.279879],[28.018122,43.279835],[28.018125,43.279923],[28.018071,43.279974],[28.017982,43.279994],[28.017867,43.280035],[28.017869,43.280097],[28.0179,43.280094],[28.018035,43.280068],[28.018159,43.280085],[28.018264,43.280089],[28.018325,43.280119],[28.018381,43.280201],[28.018348,43.280257],[28.018296,43.280323],[28.018234,43.280337],[28.018192,43.280363],[28.018219,43.280395],[28.018226,43.280455],[28.018183,43.28055],[28.018144,43.280552],[28.018103,43.28065],[28.017827,43.280874],[28.017896,43.280906],[28.018019,43.280917],[28.017912,43.281056],[28.017944,43.281143],[28.017943,43.28126],[28.017912,43.281384],[28.017765,43.281451],[28.017741,43.281523],[28.017667,43.281626],[28.017686,43.281683],[28.017673,43.281785],[28.017564,43.281881],[28.01751,43.282375],[28.017447,43.282603],[28.017437,43.282927],[28.017396,43.283478],[28.017389,43.283703],[28.017421,43.283949],[28.017418,43.284084],[28.017404,43.284159],[28.017458,43.284296],[28.017456,43.284328],[28.017475,43.284592],[28.017502,43.284786],[28.017551,43.284907],[28.017635,43.285055],[28.017642,43.285092],[28.017737,43.285317],[28.017822,43.285489],[28.017806,43.285586],[28.017826,43.285808],[28.017946,43.285972],[28.018232,43.286483],[28.018347,43.286646],[28.018424,43.286746],[28.018485,43.287026],[28.018337,43.287183],[28.018307,43.287437],[28.018292,43.28762],[28.018347,43.287797],[28.018416,43.287977],[28.018549,43.288169],[28.01857,43.288281],[28.01862,43.288409],[28.018789,43.288609],[28.018849,43.288856],[28.018854,43.288978],[28.018941,43.28912],[28.019082,43.28939],[28.019153,43.289487],[28.019261,43.28968],[28.019379,43.289863],[28.019458,43.290137],[28.019494,43.290164],[28.019604,43.290359],[28.019663,43.290521],[28.019747,43.290688],[28.019821,43.290886],[28.019895,43.29119],[28.020007,43.291387],[28.020128,43.291725],[28.020341,43.292043],[28.020503,43.292194],[28.020661,43.292499],[28.020708,43.292675],[28.020772,43.292841],[28.020845,43.292906],[28.020961,43.293033],[28.021117,43.293183],[28.021205,43.293248],[28.021403,43.293357],[28.021588,43.293445],[28.022205,43.293874],[28.022417,43.294045],[28.022591,43.294174],[28.023099,43.294361],[28.02344,43.294449],[28.023669,43.294529],[28.023787,43.294596],[28.023912,43.294699],[28.02414,43.294696],[28.024418,43.294705],[28.024609,43.294702],[28.024819,43.29473],[28.025251,43.294723],[28.025505,43.294797],[28.025666,43.294855],[28.025883,43.294903],[28.026149,43.294911],[28.026506,43.294895],[28.026802,43.29489],[28.027062,43.29491],[28.027248,43.294944],[28.028311,43.294893],[28.02873,43.294837],[28.029209,43.294795],[28.029453,43.2948],[28.0297,43.294823],[28.030135,43.294934],[28.03043,43.294976],[28.030612,43.295071],[28.030702,43.295114],[28.030809,43.295226],[28.030835,43.295347],[28.030834,43.295466],[28.030801,43.295603],[28.030701,43.295697],[28.030626,43.295776],[28.030508,43.295877],[28.030122,43.296084],[28.02987,43.296244],[28.029688,43.296412],[28.029524,43.296548],[28.029332,43.296778],[28.029151,43.296951],[28.029109,43.297008],[28.029115,43.297108],[28.029144,43.297153],[28.029379,43.297211],[28.028461,43.297734],[28.02712,43.298647],[28.026311,43.299209],[28.025897,43.299396],[28.024809,43.300115],[28.02472,43.300256],[28.024097,43.300668],[28.024048,43.300644],[28.02385,43.300634],[28.023553,43.300585],[28.023242,43.300486],[28.023155,43.300474],[28.023056,43.300466],[28.022832,43.300402],[28.022621,43.300347],[28.022521,43.300313],[28.022225,43.300291],[28.022014,43.300231],[28.021877,43.300206],[28.021828,43.300207],[28.021718,43.300222],[28.021484,43.30023],[28.021422,43.300227],[28.021335,43.30021],[28.02063,43.300122],[28.020556,43.30011],[28.020406,43.300067],[28.020145,43.299972],[28.019934,43.299921],[28.019822,43.299883],[28.019747,43.299861],[28.019673,43.299844],[28.019524,43.299824],[28.01924,43.299793],[28.019092,43.299791],[28.018882,43.299798],[28.018686,43.299833],[28.018502,43.299858],[28.018354,43.299865],[28.01828,43.299862],[28.018132,43.299846],[28.018033,43.299843],[28.017984,43.299849],[28.017874,43.299877],[28.017751,43.299902],[28.017677,43.299903],[28.017529,43.299896],[28.017209,43.299901],[28.017135,43.299911],[28.016705,43.29995],[28.016459,43.299967],[28.0153,43.299949],[28.015114,43.29993],[28.015115,43.299921],[28.014488,43.300322],[28.014488,43.300727],[28.014458,43.300793],[28.014414,43.300946],[28.014355,43.301048],[28.014366,43.301125],[28.014407,43.301204],[28.014418,43.301284],[28.01438,43.301355],[28.01429,43.301459],[28.014183,43.301601],[28.014077,43.301695],[28.01399,43.301746],[28.01399,43.301781],[28.013944,43.301838],[28.013786,43.301976],[28.013626,43.302043],[28.013605,43.302062],[28.013633,43.302066],[28.013696,43.302093],[28.013814,43.302154],[28.013852,43.302312],[28.013874,43.302549],[28.013945,43.302771],[28.01397,43.302884],[28.013986,43.303004],[28.014,43.303228],[28.014026,43.303435],[28.014118,43.303707],[28.014148,43.303816],[28.014164,43.303921],[28.014167,43.304007],[28.014181,43.304007],[28.014198,43.304039],[28.014211,43.304121],[28.014217,43.304205],[28.014188,43.304363],[28.014136,43.304469],[28.014106,43.304565],[28.01406,43.304684],[28.013998,43.304779],[28.013946,43.304952],[28.013843,43.305228],[28.013768,43.305236],[28.013652,43.305241],[28.013577,43.305252],[28.013535,43.305277],[28.013594,43.306129],[28.0137,43.306246],[28.013853,43.306258],[28.013977,43.306244],[28.014198,43.306084],[28.014194,43.30595],[28.014217,43.305921],[28.014273,43.305887],[28.014355,43.305882],[28.014416,43.30581],[28.014419,43.305719],[28.01436,43.305597],[28.014348,43.305539],[28.01436,43.305511],[28.014454,43.305512],[28.014522,43.305537],[28.014564,43.305541],[28.01476,43.305629],[28.014956,43.305732],[28.015075,43.305787],[28.01521,43.305872],[28.015303,43.305962],[28.015366,43.306034],[28.01544,43.306145],[28.015489,43.306229],[28.015508,43.306327],[28.015643,43.306493],[28.015808,43.306636],[28.015899,43.306704],[28.016089,43.30688],[28.016125,43.30694],[28.016201,43.307032],[28.016244,43.307125],[28.016312,43.307214],[28.016348,43.307293],[28.016409,43.307479],[28.016424,43.307566],[28.01639,43.307695],[28.016349,43.307767],[28.016334,43.307777],[28.016175,43.307811],[28.016213,43.307916],[28.016233,43.308002],[28.016231,43.308136],[28.016223,43.3082],[28.016233,43.308322],[28.016272,43.308434],[28.01643,43.308723],[28.016547,43.308881],[28.016586,43.309016],[28.016633,43.309142],[28.016645,43.309196],[28.017022,43.309503],[28.017114,43.309601],[28.017238,43.309705],[28.017429,43.309911],[28.017523,43.309995],[28.017646,43.310115],[28.017908,43.310301],[28.018056,43.310391],[28.018313,43.310531],[28.018536,43.310689],[28.018662,43.310865],[28.018697,43.310935],[28.018753,43.310996],[28.018835,43.311062],[28.01894,43.311166],[28.019172,43.311361],[28.019323,43.311462],[28.019474,43.311594],[28.019597,43.311661],[28.019757,43.31177],[28.020006,43.311964],[28.0201,43.312071],[28.020144,43.312169],[28.020248,43.312363],[28.02037,43.312622],[28.020398,43.312764],[28.020432,43.313065],[28.020435,43.313164],[28.020414,43.313281],[28.020391,43.313342],[28.020412,43.313326],[28.020473,43.313296],[28.020635,43.31314],[28.02083,43.312869],[28.021029,43.312711],[28.02108,43.312665],[28.021207,43.312582],[28.021289,43.312545],[28.021332,43.312558],[28.021407,43.312563],[28.021472,43.312594],[28.021477,43.312666],[28.021489,43.312724],[28.021541,43.312741],[28.021566,43.312736],[28.021584,43.312608],[28.021582,43.312547],[28.021688,43.312385],[28.021667,43.312316],[28.021463,43.312087],[28.021374,43.31199],[28.021111,43.311726],[28.02105,43.311648],[28.020834,43.311451],[28.020804,43.311371],[28.020674,43.311222],[28.020582,43.311156],[28.020562,43.311107],[28.020505,43.311047],[28.020467,43.311014],[28.020455,43.311018],[28.02044,43.31094],[28.020395,43.310878],[28.020401,43.310851],[28.020452,43.31082],[28.020491,43.310779],[28.020505,43.310727],[28.020525,43.310677],[28.020534,43.31068],[28.020537,43.310684],[28.020567,43.310648],[28.020609,43.310611],[28.020677,43.310612],[28.020729,43.310681],[28.020858,43.31089],[28.020922,43.310959],[28.021026,43.311041],[28.021145,43.311206],[28.021209,43.31131],[28.02129,43.311415],[28.02137,43.311531],[28.02147,43.311696],[28.021669,43.311954],[28.021853,43.312117],[28.0219,43.312166],[28.021981,43.312178],[28.022023,43.312157],[28.022029,43.312227],[28.022011,43.312353],[28.02202,43.312468],[28.022039,43.312565],[28.022105,43.312723],[28.02213,43.312838],[28.022169,43.312925],[28.022385,43.313016],[28.022525,43.313066],[28.022595,43.313132],[28.02262,43.31317],[28.0227,43.313268],[28.02281,43.313322],[28.022959,43.313372],[28.023028,43.313384],[28.023074,43.313403],[28.02318,43.313519],[28.023326,43.313692],[28.023356,43.313764],[28.023415,43.313869],[28.023494,43.314144],[28.023844,43.314506],[28.024001,43.314604],[28.024109,43.314616],[28.024239,43.31454],[28.024502,43.314356],[28.024649,43.314209],[28.024892,43.314003],[28.025122,43.31386],[28.025274,43.313778],[28.025317,43.31369],[28.025247,43.313502],[28.025169,43.313348],[28.025065,43.313167],[28.025026,43.313001],[28.025007,43.312896],[28.024953,43.312939],[28.024909,43.313008],[28.024834,43.313067],[28.024838,43.313112],[28.024704,43.313256],[28.024532,43.313381],[28.024411,43.313475],[28.02431,43.313607],[28.02423,43.313694],[28.024158,43.313679],[28.023933,43.313566],[28.023812,43.313531],[28.023758,43.313492],[28.023698,43.313432],[28.023622,43.313388],[28.02341,43.313277],[28.023245,43.313228],[28.023124,43.313214],[28.023066,43.313233],[28.023057,43.313122],[28.023018,43.313044],[28.02302,43.31293],[28.023103,43.312802],[28.023241,43.31269],[28.023297,43.312502],[28.023355,43.312375],[28.023483,43.312227],[28.023548,43.312021],[28.023644,43.31192],[28.023759,43.311738],[28.023836,43.311636],[28.024009,43.311433],[28.024051,43.311302],[28.024044,43.31116],[28.023977,43.311107],[28.023902,43.310939],[28.023881,43.310859],[28.023881,43.310757],[28.023972,43.310707],[28.024008,43.310681],[28.023986,43.310555],[28.023987,43.310495],[28.02404,43.310415],[28.024109,43.310351],[28.02418,43.31026],[28.024211,43.310156],[28.024261,43.310065],[28.024318,43.309997],[28.024397,43.309966],[28.024465,43.309961],[28.024578,43.309959],[28.024651,43.309922],[28.024696,43.30986],[28.024758,43.309792],[28.02481,43.309766],[28.024897,43.30978],[28.024992,43.309779],[28.025035,43.309751],[28.025047,43.309638],[28.025102,43.309541],[28.025175,43.309497],[28.025346,43.309442],[28.025586,43.309427],[28.025808,43.309422],[28.02597,43.309392],[28.025991,43.309378],[28.025997,43.309369],[28.025994,43.309243],[28.025952,43.309106],[28.025842,43.309014],[28.025769,43.308934],[28.025675,43.308881],[28.02556,43.308849],[28.025306,43.308835],[28.025101,43.308857],[28.024779,43.308938],[28.024571,43.308973],[28.024348,43.308956],[28.024151,43.308953],[28.023927,43.30897],[28.023817,43.30901],[28.023612,43.309076],[28.023541,43.309057],[28.023577,43.309013],[28.023816,43.308881],[28.023866,43.308808],[28.023756,43.308709],[28.02365,43.308677],[28.023492,43.308664],[28.023317,43.308682],[28.023215,43.308661],[28.023026,43.308543],[28.022787,43.308267],[28.022654,43.308148],[28.022302,43.307928],[28.022149,43.307856],[28.021965,43.307787],[28.021822,43.307729],[28.021568,43.307571],[28.021405,43.307477],[28.021285,43.3074],[28.021107,43.307227],[28.020936,43.307049],[28.020796,43.306899],[28.020649,43.30673],[28.020523,43.306523],[28.020396,43.306291],[28.020311,43.306152],[28.020248,43.306104],[28.020187,43.306024],[28.020157,43.305936],[28.020009,43.305833],[28.019933,43.305762],[28.019843,43.305631],[28.019795,43.305474],[28.019767,43.305337],[28.019732,43.305207],[28.019522,43.305084],[28.019563,43.305018],[28.019592,43.304955],[28.019658,43.304891],[28.019735,43.30468],[28.019805,43.304547],[28.019881,43.304305],[28.01992,43.304162],[28.020072,43.304304],[28.020187,43.304423],[28.020301,43.304647],[28.020355,43.304806],[28.020384,43.304943],[28.02049,43.305004],[28.020533,43.304994],[28.020566,43.304946],[28.020648,43.304925],[28.020703,43.304899],[28.020775,43.304921],[28.020905,43.30515],[28.021013,43.305284],[28.021137,43.305394],[28.021312,43.305502],[28.021537,43.30569],[28.021697,43.305804],[28.021827,43.305924],[28.02196,43.306027],[28.022091,43.306086],[28.022258,43.306108],[28.022403,43.306122],[28.022574,43.306173],[28.022763,43.306296],[28.022816,43.306338],[28.022984,43.306394],[28.023064,43.306377],[28.023162,43.306333],[28.023234,43.306284],[28.023273,43.306241],[28.02338,43.306228],[28.023522,43.306237],[28.023612,43.306251],[28.023739,43.306256],[28.023916,43.3063],[28.024011,43.306308],[28.024117,43.306329],[28.024268,43.306338],[28.024659,43.306329],[28.024868,43.30631],[28.02503,43.306258],[28.025281,43.306202],[28.025374,43.306203],[28.0254,43.306363],[28.025403,43.306466],[28.025447,43.306603],[28.025529,43.306759],[28.025657,43.306944],[28.02578,43.306933],[28.025809,43.306948],[28.025825,43.306984],[28.02586,43.307008],[28.025875,43.307012],[28.0259,43.307012],[28.026028,43.306958],[28.026282,43.306902],[28.026349,43.306863],[28.026363,43.306836],[28.026478,43.30687],[28.026756,43.30698],[28.0271,43.307261],[28.027261,43.307475],[28.027289,43.307492],[28.027308,43.30762],[28.027317,43.307735],[28.027345,43.307833],[28.027489,43.308029],[28.027558,43.308145],[28.027563,43.308226],[28.027489,43.308434],[28.027377,43.308596],[28.027018,43.308876],[28.02698,43.308946],[28.026991,43.309212],[28.026987,43.309371],[28.026929,43.309512],[28.026899,43.309542],[28.026906,43.309663],[28.026904,43.309818],[28.026896,43.309956],[28.026883,43.310046],[28.02684,43.310153],[28.02685,43.310371],[28.02687,43.31042],[28.027002,43.310616],[28.027091,43.310702],[28.027166,43.31076],[28.027264,43.310823],[28.027247,43.310889],[28.027349,43.310989],[28.027354,43.311052],[28.027343,43.311088],[28.027277,43.311159],[28.027251,43.311208],[28.027122,43.311348],[28.027093,43.311405],[28.027044,43.311396],[28.026977,43.31133],[28.026938,43.311263],[28.026921,43.31122],[28.026899,43.3112],[28.026884,43.311205],[28.026853,43.311206],[28.026811,43.311247],[28.026788,43.311299],[28.026773,43.311434],[28.026729,43.311586],[28.026727,43.311647],[28.026773,43.311745],[28.02678,43.311772],[28.02691,43.311869],[28.027049,43.311898],[28.027099,43.311927],[28.027121,43.312023],[28.027111,43.312125],[28.026891,43.312292],[28.026833,43.312388],[28.026724,43.312471],[28.026683,43.312545],[28.026708,43.31254],[28.026796,43.312496],[28.027204,43.312447],[28.027367,43.312436],[28.027432,43.312437],[28.027463,43.312441],[28.027469,43.312456],[28.027544,43.312478],[28.027709,43.312437],[28.027836,43.312352],[28.027946,43.312316],[28.028123,43.312268],[28.028171,43.312301],[28.02816,43.312356],[28.028086,43.312456],[28.027983,43.312518],[28.027826,43.312644],[28.027621,43.312796],[28.027488,43.312985],[28.02729,43.313153],[28.027136,43.31327],[28.027039,43.313367],[28.026912,43.313516],[28.026828,43.313689],[28.026692,43.313905],[28.026574,43.314062],[28.026544,43.314094],[28.026447,43.314264],[28.027331,43.31558],[28.027335,43.31561],[28.027381,43.315604],[28.027407,43.315548],[28.02741,43.315462],[28.027385,43.315323],[28.027562,43.315259],[28.027727,43.315232],[28.028045,43.315225],[28.028238,43.315193],[28.028164,43.31478],[28.027939,43.313932],[28.028365,43.313766],[28.029478,43.313264],[28.029523,43.313223],[28.029509,43.313167],[28.030057,43.313338],[28.030051,43.31344],[28.029973,43.313522],[28.029843,43.313704],[28.029857,43.313771],[28.029882,43.313791],[28.030156,43.313863],[28.030178,43.313895],[28.030174,43.313969],[28.029996,43.314397],[28.029853,43.31467],[28.029834,43.31476],[28.029857,43.314816],[28.030133,43.314967],[28.030132,43.315138],[28.030004,43.315288],[28.029968,43.315419],[28.029922,43.315765],[28.029942,43.315809],[28.030041,43.315911],[28.030044,43.316012],[28.029985,43.316119],[28.029868,43.316225],[28.029854,43.316252],[28.029855,43.316288],[28.029875,43.316344],[28.029955,43.316358],[28.030003,43.316414],[28.030085,43.316462],[28.030182,43.316499],[28.030489,43.316984],[28.030767,43.317338],[28.030832,43.317436],[28.030924,43.31752],[28.03096,43.317605],[28.031274,43.317908],[28.031558,43.318102],[28.031755,43.318202],[28.031998,43.318298],[28.032078,43.318305],[28.032246,43.31835],[28.032549,43.318471],[28.032671,43.318537],[28.03296,43.318917],[28.033133,43.319257],[28.033184,43.319413],[28.033272,43.319567],[28.033303,43.31967],[28.033346,43.319784],[28.033298,43.31992],[28.033229,43.320007],[28.033098,43.320036],[28.033024,43.319938],[28.032942,43.31989],[28.032887,43.3199],[28.032846,43.320067],[28.03292,43.320372],[28.032983,43.320521],[28.033045,43.320759],[28.033103,43.320828],[28.033184,43.320955],[28.033325,43.321041],[28.033683,43.321042],[28.033797,43.321049],[28.033918,43.32109],[28.034135,43.321215],[28.034333,43.321346],[28.034483,43.321533],[28.03462,43.321682],[28.034763,43.321828],[28.034855,43.322011],[28.034893,43.322137],[28.034956,43.322313],[28.035043,43.322424],[28.035097,43.322475],[28.035347,43.322807],[28.035633,43.323],[28.035877,43.323201],[28.03645,43.323919],[28.036565,43.324053],[28.036966,43.324802],[28.037172,43.324981],[28.037354,43.325246],[28.03745,43.325465],[28.037631,43.325852],[28.03771,43.326056],[28.03804,43.326383],[28.038199,43.32655],[28.03825,43.32661],[28.038368,43.326725],[28.038505,43.326885],[28.038659,43.327078],[28.038721,43.327178],[28.038952,43.327391],[28.039001,43.327482],[28.039078,43.327598],[28.039105,43.327652],[28.039108,43.327665],[28.039093,43.327683],[28.039041,43.32768],[28.038965,43.327726],[28.038908,43.327767],[28.038638,43.328015],[28.03858,43.328056],[28.038585,43.328105],[28.038602,43.328173],[28.038676,43.328268],[28.038784,43.328393],[28.038833,43.328468],[28.03886,43.32856],[28.03885,43.328623],[28.038771,43.328775],[28.038651,43.328872],[28.038548,43.328941],[28.038482,43.328998],[28.038285,43.329215],[28.038171,43.329433],[28.038109,43.329509],[28.038009,43.329596],[28.03794,43.329642],[28.037809,43.3297],[28.037752,43.329764],[28.037665,43.329837],[28.037579,43.329846],[28.037423,43.329893],[28.037365,43.329921],[28.037311,43.329965],[28.037277,43.330009],[28.037148,43.329954],[28.037077,43.330043],[28.037104,43.330096],[28.037104,43.330106],[28.037118,43.330144],[28.037173,43.330291],[28.037216,43.330431],[28.037566,43.330316],[28.037834,43.330204],[28.037893,43.330109],[28.038354,43.329431],[28.038136,43.329958],[28.038337,43.329927],[28.038721,43.329793],[28.038729,43.32953],[28.038875,43.329079],[28.039385,43.32875],[28.040069,43.328457],[28.040214,43.328425],[28.040361,43.328413],[28.040401,43.328393],[28.040399,43.328345],[28.040419,43.328139],[28.040444,43.328071],[28.040508,43.327982],[28.040938,43.327683],[28.04103,43.327613],[28.04138,43.327286],[28.041471,43.327227],[28.041668,43.327126],[28.041928,43.326868],[28.041965,43.3268],[28.04205,43.326487],[28.042088,43.326457],[28.042109,43.326446],[28.042064,43.326412],[28.042004,43.326353],[28.041983,43.326309],[28.042014,43.32629],[28.042037,43.326341],[28.042088,43.326391],[28.042201,43.326477],[28.042232,43.326513],[28.042236,43.326637],[28.042221,43.32682],[28.042231,43.327813],[28.042254,43.327922],[28.042407,43.328351],[28.04245,43.328453],[28.042601,43.328675],[28.04268,43.328739],[28.042745,43.328766],[28.042786,43.328868],[28.042845,43.32911],[28.042768,43.32955],[28.042783,43.329616],[28.042948,43.329996],[28.043256,43.330477],[28.043518,43.330678],[28.043829,43.330795],[28.04414,43.330921],[28.044246,43.331041],[28.044277,43.331227],[28.044275,43.331591],[28.044305,43.331949],[28.04432,43.332041],[28.044381,43.332095],[28.04445,43.332141],[28.045211,43.332555],[28.046776,43.333513],[28.046867,43.333586],[28.047366,43.334162],[28.047432,43.334244],[28.047969,43.334791],[28.048215,43.334964],[28.048332,43.335036],[28.049818,43.335459],[28.049963,43.335497],[28.051558,43.336216],[28.052808,43.336518],[28.054407,43.336891],[28.055316,43.337227],[28.056206,43.337244],[28.056534,43.337405],[28.056894,43.337416],[28.056665,43.338182],[28.056194,43.338824],[28.056229,43.338868],[28.056632,43.338944],[28.056781,43.338994],[28.057466,43.338959],[28.057482,43.339071],[28.057552,43.339111],[28.058376,43.339008],[28.058506,43.339068],[28.058453,43.339129],[28.058121,43.339337],[28.058087,43.339526],[28.05764,43.339573],[28.057481,43.340206],[28.057648,43.340551],[28.060661,43.338889],[28.06069,43.338861]]],[[[28.060755,43.338659],[28.060804,43.33872],[28.060814,43.338756],[28.061566,43.33833],[28.061914,43.338106],[28.062039,43.338005],[28.06215,43.337888],[28.06234,43.337598],[28.063425,43.335824],[28.063496,43.335656],[28.063522,43.33547],[28.063366,43.335469],[28.06327,43.335458],[28.063102,43.335448],[28.062924,43.335423],[28.062111,43.335325],[28.062083,43.335523],[28.062007,43.335689],[28.061868,43.335892],[28.060965,43.33704],[28.060797,43.337105],[28.059923,43.338086],[28.059836,43.338254],[28.059787,43.338316],[28.059191,43.338729],[28.059138,43.338787],[28.059123,43.338831],[28.059125,43.338887],[28.059133,43.33891],[28.059172,43.338934],[28.059203,43.338946],[28.059352,43.338944],[28.059493,43.338922],[28.059772,43.338856],[28.059881,43.338824],[28.060408,43.338642],[28.060534,43.338617],[28.06067,43.338614],[28.060755,43.338659]]]]}},
{"type":"Feature","properties":{"ekatte":"94112","kind":"2","name_bg":"Цигов чарк","name_en":"Tsigov chark","parent_ekatte":"62004","parent_name":"Ракитово","parent_is_nuts4":"0","area2_ekatte":"","area2_name":"","document":"254","osm_type":"way","osm_id":1079386762,"match_method":"name_exact","match_confidence":0.9},"geometry":{"type":"Polygon","coordinates":[[[24.135202,41.947701],[24.135031,41.947623],[24.134958,41.947621],[24.134866,41.947625],[24.134389,41.947691],[24.133842,41.947826],[24.133548,41.947876],[24.133459,41.947895],[24.133338,41.94791],[24.133305,41.947948],[24.13331,41.948118],[24.133429,41.948592],[24.13364,41.949236],[24.133849,41.949219],[24.134226,41.949197],[24.134967,41.949138],[24.135486,41.949092],[24.13558,41.949081],[24.135756,41.949051],[24.135924,41.94901],[24.136131,41.948949],[24.136363,41.948901],[24.136213,41.948698],[24.135941,41.948418],[24.135098,41.948116],[24.135202,41.947701]]]}},
{"type":"Feature","properties":{"ekatte":"94130","kind":"2","name_bg":"Стълпище","name_en":"Stalpishte","parent_ekatte":"47977","parent_name":"Мечка","parent_is_nuts4":"0","area2_ekatte":"","area2_name":"","document":"247","osm_type":"way","osm_id":1007550265,"match_method":"name_exact","match_confidence":0.9},"geometry":{"type":"Polygon","coordinates":[[[25.801622,43.713304],[25.800984,43.71323],[25.800733,43.712299],[25.800697,43.712137],[25.800749,43.712036],[25.801337,43.711304],[25.801444,43.71119],[25.80197,43.710749],[25.801943,43.710697],[25.801814,43.710571],[25.801715,43.710467],[25.801536,43.710248],[25.801479,43.710275],[25.801126,43.710402],[25.80091,43.710531],[25.800757,43.710648],[25.800639,43.710784],[25.800549,43.710872],[25.80049,43.71091],[25.800317,43.711004],[25.800133,43.711068],[25.800002,43.711097],[25.799872,43.711119],[25.799755,43.711148],[25.799666,43.711164],[25.799518,43.711147],[25.799424,43.711127],[25.799276,43.711065],[25.79903,43.710939],[25.798749,43.710749],[25.798513,43.710544],[25.79832,43.710214],[25.798281,43.709727],[25.798238,43.709617],[25.79824,43.70935],[25.798307,43.709114],[25.798679,43.70844],[25.798724,43.708205],[25.798812,43.708017],[25.799065,43.707936],[25.799118,43.707904],[25.799154,43.707901],[25.799253,43.707908],[25.799311,43.707908],[25.799405,43.707898],[25.799605,43.707803],[25.799659,43.707732],[25.799682,43.70768],[25.799801,43.707337],[25.799846,43.707265],[25.79991,43.707214],[25.800003,43.707165],[25.800098,43.707136],[25.800183,43.707124],[25.80034,43.70714],[25.800457,43.707175],[25.800404,43.707083],[25.800421,43.706852],[25.80048,43.706673],[25.80049,43.706495],[25.800439,43.706197],[25.800354,43.705928],[25.800281,43.705655],[25.800163,43.705372],[25.799939,43.705101],[25.799526,43.704772],[25.799111,43.704408],[25.798759,43.704154],[25.798249,43.704058],[25.797943,43.703907],[25.797725,43.703569],[25.797538,43.703262],[25.796766,43.702768],[25.796771,43.70304],[25.797102,43.70355],[25.797098,43.704026],[25.79703,43.704327],[25.796826,43.704524],[25.795818,43.70496],[25.795226,43.705168],[25.795046,43.705178],[25.794965,43.705156],[25.794925,43.705131],[25.794884,43.705092],[25.794855,43.705049],[25.794849,43.704997],[25.794825,43.704885],[25.794828,43.70483],[25.794808,43.704753],[25.794798,43.704695],[25.794797,43.704655],[25.794783,43.704598],[25.794748,43.704505],[25.794727,43.704398],[25.794681,43.704285],[25.794669,43.70423],[25.794648,43.704185],[25.794566,43.704035],[25.79448,43.703855],[25.794421,43.703694],[25.794351,43.703526],[25.794338,43.703484],[25.794331,43.703429],[25.794333,43.703358],[25.794323,43.703289],[25.794323,43.703232],[25.794333,43.703201],[25.794432,43.702988],[25.79449,43.702843],[25.794496,43.702714],[25.794373,43.702464],[25.794228,43.70232],[25.793884,43.702146],[25.793324,43.701989],[25.792951,43.701856],[25.792823,43.701769],[25.79279,43.701647],[25.792853,43.701571],[25.792977,43.701506],[25.793233,43.701391],[25.793454,43.701283],[25.793823,43.701091],[25.793396,43.700987],[25.792732,43.700939],[25.792619,43.701069],[25.792341,43.701245],[25.792059,43.701326],[25.791933,43.701429],[25.791932,43.701621],[25.792039,43.701837],[25.792175,43.702032],[25.792225,43.702137],[25.792401,43.702394],[25.792701,43.702666],[25.792791,43.702909],[25.792804,43.703114],[25.792775,43.703281],[25.792786,43.703474],[25.792835,43.703667],[25.792928,43.70391],[25.792957,43.704158],[25.79299,43.704293],[25.793039,43.704379],[25.793636,43.705267],[25.79447,43.706601],[25.794706,43.707013],[25.794786,43.70718],[25.794942,43.707479],[25.79519,43.707883],[25.795415,43.708269],[25.795608,43.708529],[25.795769,43.708794],[25.795792,43.708914],[25.795838,43.708975],[25.796203,43.70956],[25.796344,43.709804],[25.796494,43.710022],[25.796631,43.71026],[25.796903,43.710684],[25.796989,43.710896],[25.79709,43.711109],[25.797267,43.711395],[25.797308,43.711497],[25.797442,43.711703],[25.797522,43.711804],[25.79779,43.712112],[25.798316,43.712465],[25.798465,43.712552],[25.798531,43.71262],[25.798796,43.712872],[25.799033,43.713063],[25.799318,43.713313],[25.799411,43.713515],[25.799431,43.713692],[25.799439,43.713892],[25.799453,43.71394],[25.799701,43.713739],[25.800255,43.713896],[25.800441,43.713989],[25.800464,43.714033],[25.800454,43.714065],[25.800731,43.714133],[25.800892,43.71415],[25.801344,43.714292],[25.80137,43.714249],[25.801466,43.714],[25.801546,43.713775],[25.801622,43.713304]]]}},
{"type":"Feature","properties":{"ekatte":"94157","kind":"2","name_bg":"Червенка","name_en":"Chervenka","parent_ekatte":"81178","parent_name":"Черноморец","parent_is_nuts4":"0","area2_ekatte":"","area2_name":"","document":"256","osm_type":"way","osm_id":1081933504,"match_method":"name_fuzzy","match_confidence":1.0},"geometry":{"type":"Polygon","coordinates":[[[27.648639,42.443753],[27.648621,42.443762],[27.64881,42.444043],[27.64895,42.444307],[27.649123,42.444423],[27.649012,42.444424],[27.648847,42.444591],[27.648852,42.444807],[27.648771,42.444947],[27.648885,42.445023],[27.648942,42.445056],[27.649011,42.445125],[27.649055,42.445189],[27.649265,42.445256],[27.649463,42.445353],[27.649519,42.445333],[27.649386,42.445592],[27.649535,42.445709],[27.649663,42.445822],[27.649532,42.445855],[27.649273,42.445926],[27.649283,42.445991],[27.649172,42.446102],[27.648996,42.446176],[27.648891,42.446284],[27.648955,42.44666],[27.648959,42.447125],[27.649049,42.447381],[27.648919,42.447613],[27.648943,42.447749],[27.648996,42.447805],[27.649158,42.447699],[27.649449,42.447372],[27.649369,42.447223],[27.649337,42.447055],[27.649163,42.446911],[27.649224,42.446837],[27.649158,42.446675],[27.649271,42.446568],[27.649299,42.446297],[27.649709,42.44613],[27.650112,42.446187],[27.650249,42.446135],[27.650402,42.446145],[27.650389,42.44602],[27.650413,42.445913],[27.650386,42.445833],[27.650429,42.445746],[27.650234,42.445595],[27.649895,42.445582],[27.649866,42.445481],[27.650026,42.445352],[27.649683,42.44514],[27.649309,42.445021],[27.649012,42.444854],[27.649102,42.444616],[27.649405,42.44463],[27.649461,42.44455],[27.649567,42.44454],[27.649516,42.444388],[27.64957,42.444305],[27.649382,42.444156],[27.649303,42.444087],[27.649527,42.444098],[27.649376,42.443925],[27.649332,42.443801],[27.649509,42.44387],[27.649472,42.443681],[27.649736,42.443502],[27.650026,42.443587],[27.650267,42.44386],[27.650496,42.443964],[27.650777,42.444147],[27.650945,42.443998],[27.651227,42.444088],[27.651325,42.443986],[27.650993,42.443744],[27.650438,42.443569],[27.650709,42.443505],[27.651025,42.443367],[27.651115,42.44321],[27.650959,42.44301],[27.650889,42.442873],[27.650944,42.442769],[27.650818,42.442636],[27.650766,42.442482],[27.650485,42.442414],[27.650229,42.442205],[27.650211,42.442039],[27.650256,42.441922],[27.650085,42.441778],[27.649656,42.44171],[27.649213,42.441573],[27.648872,42.441533],[27.648375,42.441576],[27.64782,42.441371],[27.647718,42.441446],[27.64774,42.441532],[27.647931,42.44161],[27.648372,42.441782],[27.648623,42.441784],[27.648754,42.44175],[27.649701,42.441834],[27.649972,42.442054],[27.650175,42.442367],[27.650188,42.442367],[27.650356,42.442523],[27.650321,42.442544],[27.650364,42.442585],[27.650329,42.442606],[27.650731,42.443229],[27.650278,42.443459],[27.649432,42.443437],[27.649294,42.443522],[27.649195,42.443612],[27.649042,42.443674],[27.649125,42.443946],[27.648977,42.443911],[27.648639,42.443753]]]}},
{"type":"Feature","properties":{"ekatte":"94188","kind":"2","name_bg":"Пети километър","name_en":"Peti kilometar","parent_ekatte":"07079","parent_name":"Бургас","parent_is_nuts4":"0","area2_ekatte":"","area2_name":"","document":"271","osm_type":"relation","osm_id":14460663,"match_method":"name_fuzzy","match_confidence":0.923},"geometry":{"type":"MultiPolygon","coordinates":[[[[27.442983,42.538255],[27.445475,42.539355],[27.446566,42.538201],[27.446844,42.537891],[27.44719,42.537511],[27.447506,42.537145],[27.447596,42.537041],[27.445027,42.535887],[27.442983,42.538255]]],[[[27.449816,42.537926],[27.450361,42.538174],[27.450395,42.538189],[27.450429,42.538204],[27.450497,42.538229],[27.451305,42.538579],[27.45187,42.537926],[27.451029,42.537515],[27.450312,42.537165],[27.44962,42.537788],[27.449626,42.53784],[27.449816,42.537926]]],[[[27.447225,42.542929],[27.448086,42.543387],[27.447307,42.544347],[27.447819,42.544584],[27.448745,42.543532],[27.450881,42.544337],[27.451468,42.543571],[27.453129,42.5442],[27.454023,42.543073],[27.455191,42.543686],[27.453971,42.545502],[27.455469,42.546038],[27.458442,42.541005],[27.458876,42.54016],[27.45894,42.540013],[27.458216,42.539676],[27.457805,42.539496],[27.457383,42.539298],[27.454835,42.538057],[27.454128,42.537712],[27.452802,42.539186],[27.453093,42.539223],[27.45303,42.539402],[27.45295,42.539632],[27.452285,42.539799],[27.452229,42.539979],[27.451809,42.540173],[27.450982,42.540146],[27.450382,42.540547],[27.449121,42.540762],[27.447783,42.540362],[27.4458,42.542963],[27.446697,42.543391],[27.447225,42.542929]]]]}},
{"type":"Feature","properties":{"ekatte":"94246","kind":"2","name_bg":"Припек","name_en":"Pripek","parent_ekatte":"VAR06","parent_name":"Варна","parent_is_nuts4":"1","area2_ekatte":"","area2_name":"","document":"286","osm_type":"way","osm_id":135973568,"match_method":"name_fuzzy","match_confidence":1.0},"geometry":{"type":"Polygon","coordinates":[[[27.740165,43.259434],[27.740008,43.259746],[27.740226,43.260137],[27.740445,43.25997],[27.740853,43.260099],[27.740861,43.260728],[27.741289,43.260478],[27.741656,43.260669],[27.74134,43.260993],[27.741141,43.26115],[27.741083,43.261333],[27.740537,43.26191],[27.740502,43.262164],[27.740461,43.262474],[27.74044,43.262632],[27.74042,43.262778],[27.7404,43.26292],[27.740386,43.263026],[27.740324,43.263067],[27.740219,43.263136],[27.740126,43.263197],[27.740116,43.263465],[27.740097,43.263914],[27.740233,43.264066],[27.740333,43.264176],[27.740422,43.264381],[27.740563,43.264854],[27.740491,43.264905],[27.740198,43.265313],[27.739843,43.265456],[27.739311,43.265563],[27.739283,43.265297],[27.739304,43.26435],[27.738854,43.264071],[27.738341,43.263742],[27.738255,43.263429],[27.738111,43.263077],[27.738079,43.262848],[27.738073,43.262696],[27.738642,43.262688],[27.738695,43.262593],[27.73873,43.262024],[27.738744,43.261733],[27.738598,43.261446],[27.73847,43.261192],[27.738779,43.26103],[27.738899,43.260721],[27.738882,43.260343],[27.738608,43.260138],[27.738737,43.259595],[27.738743,43.25958],[27.73885,43.25929],[27.739299,43.258727],[27.739462,43.258585],[27.739551,43.258588],[27.739832,43.258663],[27.740122,43.258725],[27.740467,43.258788],[27.7405,43.25884],[27.740562,43.258931],[27.740165,43.259434]]]}},
{"type":"Feature","properties":{"ekatte":"94256","kind":"2","name_bg":"Орехчето","name_en":"Orehcheto","parent_ekatte":"VAR06","parent_name":"Варна","parent_is_nuts4":"1","area2_ekatte":"","area2_name":"","document":"286","osm_type":"way","osm_id":1040038772,"match_method":"name_fuzzy","match_confidence":1.0},"geometry":{"type":"Polygon","coordinates":[[[27.844565,43.183043],[27.844493,43.182711],[27.844914,43.182662],[27.845334,43.182683],[27.845364,43.182701],[27.845429,43.182908],[27.845427,43.182933],[27.845415,43.182959],[27.845385,43.182978],[27.845357,43.182986],[27.845294,43.182999],[27.84507,43.183053],[27.844625,43.183036],[27.844565,43.183043]]]}},
{"type":"Feature","properties":{"ekatte":"94318","kind":"2","name_bg":"Кочмар","name_en":"Kochmar","parent_ekatte":"VAR06","parent_name":"Варна","parent_is_nuts4":"1","area2_ekatte":"","area2_name":"","document":"261","osm_type":"way","osm_id":148339697,"match_method":"name_fuzzy","match_confidence":1.0},"geometry":{"type":"Polygon","coordinates":[[[27.873718,43.249901],[27.874003,43.249693],[27.873794,43.24947],[27.873767,43.249243],[27.873783,43.249107],[27.873762,43.248895],[27.873759,43.248863],[27.873861,43.248669],[27.87378,43.248206],[27.873724,43.248067],[27.873064,43.24736],[27.87302,43.247319],[27.872654,43.246961],[27.87223,43.246393],[27.872037,43.246176],[27.87252,43.245906],[27.872697,43.245955],[27.873089,43.245455],[27.873249,43.245238],[27.873485,43.245004],[27.873604,43.24484],[27.87361,43.244827],[27.873738,43.244574],[27.873799,43.244453],[27.873817,43.244429],[27.873949,43.244252],[27.874053,43.244126],[27.874262,43.243874],[27.874333,43.243808],[27.874365,43.243793],[27.874499,43.243695],[27.874821,43.243142],[27.874818,43.243103],[27.874797,43.24279],[27.874876,43.242503],[27.875228,43.242595],[27.875398,43.243061],[27.875705,43.243],[27.875758,43.243123],[27.876054,43.243054],[27.875866,43.242676],[27.876223,43.242624],[27.877002,43.24292],[27.877294,43.243012],[27.877845,43.243093],[27.878065,43.242992],[27.878125,43.242876],[27.87817,43.242628],[27.879562,43.242408],[27.879251,43.24165],[27.879195,43.241475],[27.879221,43.241414],[27.879299,43.241379],[27.879601,43.241341],[27.879882,43.241281],[27.880145,43.241205],[27.880275,43.24118],[27.880542,43.24113],[27.88072,43.241093],[27.880931,43.241205],[27.88117,43.241489],[27.881287,43.241939],[27.881312,43.242128],[27.881271,43.242316],[27.881577,43.242477],[27.881771,43.242992],[27.882015,43.24351],[27.882269,43.243487],[27.882502,43.243849],[27.881869,43.24406],[27.881618,43.244156],[27.881782,43.244371],[27.881892,43.244435],[27.882169,43.244456],[27.882319,43.244552],[27.882466,43.244431],[27.882726,43.244606],[27.882874,43.244852],[27.882653,43.244971],[27.882548,43.245028],[27.882621,43.245146],[27.882482,43.245327],[27.882583,43.245572],[27.882562,43.246225],[27.882728,43.24677],[27.882496,43.246905],[27.882617,43.247122],[27.88273,43.247264],[27.882939,43.247324],[27.883014,43.247406],[27.882996,43.247574],[27.882868,43.247744],[27.882271,43.248183],[27.882631,43.248269],[27.882855,43.248154],[27.882953,43.248217],[27.88261,43.24844],[27.882487,43.248619],[27.882032,43.248719],[27.881844,43.24837],[27.881769,43.248358],[27.881533,43.248458],[27.881091,43.248602],[27.881115,43.248669],[27.880905,43.248717],[27.880678,43.24876],[27.880529,43.24854],[27.880046,43.248654],[27.879816,43.248458],[27.879355,43.248065],[27.879414,43.247567],[27.879242,43.24709],[27.879005,43.246631],[27.878378,43.246654],[27.877949,43.246544],[27.87744,43.246524],[27.87714,43.24657],[27.876858,43.246664],[27.876826,43.246761],[27.87701,43.247076],[27.877227,43.247187],[27.877603,43.247146],[27.877953,43.247216],[27.877878,43.247459],[27.877909,43.247576],[27.878113,43.247691],[27.878611,43.247587],[27.878786,43.24805],[27.878816,43.248202],[27.87888,43.248528],[27.879051,43.248749],[27.879444,43.249035],[27.879605,43.249175],[27.880096,43.249456],[27.880102,43.249967],[27.880076,43.250168],[27.879344,43.250086],[27.879023,43.250229],[27.878824,43.250465],[27.878996,43.250904],[27.87882,43.251092],[27.879022,43.251222],[27.878652,43.251777],[27.878049,43.251481],[27.877852,43.251631],[27.877591,43.251607],[27.87748,43.251596],[27.877265,43.251714],[27.877102,43.251624],[27.877275,43.251476],[27.877364,43.251409],[27.877221,43.25126],[27.877455,43.25109],[27.877909,43.250995],[27.878082,43.250765],[27.878041,43.250593],[27.877875,43.250421],[27.877727,43.25058],[27.877478,43.250622],[27.877384,43.250759],[27.877262,43.250685],[27.877085,43.250683],[27.876235,43.250572],[27.876071,43.250452],[27.875881,43.250321],[27.875883,43.250306],[27.875913,43.250102],[27.875601,43.250026],[27.875481,43.250158],[27.875519,43.250382],[27.875077,43.25057],[27.874795,43.250536],[27.874729,43.250024],[27.874216,43.249951],[27.873718,43.249901]]]}},
{"type":"Feature","properties":{"ekatte":"94321","kind":"2","name_bg":"Планова","name_en":"Planova","parent_ekatte":"VAR06","parent_name":"Варна","parent_is_nuts4":"1","area2_ekatte":"","area2_name":"","document":"261","osm_type":"way","osm_id":148339707,"match_method":"name_fuzzy","match_confidence":1.0},"geometry":{"type":"Polygon","coordinates":[[[27.866541,43.245292],[27.866476,43.245189],[27.866574,43.244937],[27.866722,43.244829],[27.86693,43.244678],[27.866902,43.244173],[27.867459,43.244242],[27.867472,43.244195],[27.867457,43.244175],[27.867491,43.244117],[27.86761,43.244028],[27.867756,43.24388],[27.867846,43.243565],[27.86788,43.24344],[27.867924,43.243282],[27.86802,43.24321],[27.868028,43.242822],[27.868033,43.242581],[27.868144,43.242532],[27.869611,43.242036],[27.869656,43.242024],[27.869758,43.241997],[27.869811,43.241934],[27.870645,43.241639],[27.870724,43.24166],[27.871303,43.241454],[27.871421,43.241506],[27.871558,43.241735],[27.871616,43.241783],[27.871657,43.241817],[27.871851,43.242071],[27.872416,43.241895],[27.872657,43.241901],[27.873066,43.241749],[27.87299,43.24152],[27.873282,43.24144],[27.87339,43.241331],[27.873748,43.241707],[27.874713,43.242134],[27.874811,43.242441],[27.874876,43.242503],[27.874797,43.24279],[27.874818,43.243103],[27.874821,43.243142],[27.874499,43.243695],[27.874365,43.243793],[27.874333,43.243808],[27.874262,43.243874],[27.874053,43.244126],[27.873949,43.244252],[27.873817,43.244429],[27.873799,43.244453],[27.873738,43.244574],[27.87361,43.244827],[27.873604,43.24484],[27.873485,43.245004],[27.873249,43.245238],[27.873089,43.245455],[27.872697,43.245955],[27.87252,43.245906],[27.872037,43.246176],[27.87223,43.246393],[27.872654,43.246961],[27.87302,43.247319],[27.873064,43.24736],[27.873724,43.248067],[27.87378,43.248206],[27.873861,43.248669],[27.873759,43.248863],[27.873762,43.248895],[27.873783,43.249107],[27.873767,43.249243],[27.873794,43.24947],[27.874003,43.249693],[27.873718,43.249901],[27.872885,43.250232],[27.872961,43.250505],[27.872273,43.250978],[27.871826,43.251285],[27.871285,43.250686],[27.87068,43.250889],[27.870099,43.251877],[27.870995,43.25192],[27.870701,43.252484],[27.869754,43.252558],[27.869311,43.252077],[27.868778,43.252254],[27.868519,43.25234],[27.868436,43.252277],[27.867902,43.251877],[27.867128,43.250342],[27.866227,43.250639],[27.866166,43.250272],[27.865931,43.248927],[27.866202,43.24888],[27.866428,43.247819],[27.866022,43.246971],[27.867091,43.245783],[27.867957,43.246332],[27.868126,43.246205],[27.86778,43.245833],[27.867925,43.245762],[27.867685,43.245546],[27.86708,43.245274],[27.867016,43.245479],[27.866639,43.245361],[27.866541,43.245292]]]}},
{"type":"Feature","properties":{"ekatte":"94349","kind":"2","name_bg":"Сълзица","name_en":"Salzitsa","parent_ekatte":"VAR06","parent_name":"Варна","parent_is_nuts4":"1","area2_ekatte":"","area2_name":"","document":"261","osm_type":"way","osm_id":148346078,"match_method":"name_fuzzy","match_confidence":1.0},"geometry":{"type":"Polygon","coordinates":[[[27.886067,43.248539],[27.88598,43.248722],[27.885737,43.248648],[27.885119,43.24835],[27.884904,43.24815],[27.884488,43.248153],[27.88436,43.248283],[27.884252,43.248333],[27.884009,43.248169],[27.883936,43.247998],[27.883676,43.247954],[27.883502,43.248011],[27.883298,43.24792],[27.88343,43.247749],[27.883635,43.247571],[27.883639,43.2474],[27.883399,43.247181],[27.883209,43.246722],[27.883437,43.24657],[27.883457,43.246374],[27.883184,43.246141],[27.883001,43.245703],[27.883204,43.245748],[27.883464,43.245637],[27.883551,43.245434],[27.884202,43.24579],[27.884514,43.246059],[27.885271,43.245893],[27.885037,43.245726],[27.884353,43.245608],[27.88391,43.245385],[27.884091,43.245229],[27.884429,43.245207],[27.884831,43.244853],[27.884135,43.244848],[27.884272,43.244484],[27.885064,43.244178],[27.88514,43.243901],[27.885666,43.243744],[27.885451,43.243444],[27.885042,43.243349],[27.884728,43.243277],[27.883912,43.243308],[27.883828,43.243121],[27.883571,43.243033],[27.883515,43.242868],[27.882931,43.243182],[27.882801,43.242961],[27.882441,43.242649],[27.882539,43.241801],[27.882954,43.241649],[27.882746,43.241208],[27.883002,43.240969],[27.883019,43.240717],[27.882769,43.240347],[27.882775,43.240188],[27.882868,43.24005],[27.883132,43.239853],[27.883348,43.239635],[27.883268,43.239493],[27.883281,43.239489],[27.883736,43.239338],[27.884108,43.239204],[27.885026,43.238788],[27.885275,43.238728],[27.886374,43.238265],[27.887627,43.237743],[27.888729,43.237338],[27.889191,43.237833],[27.889464,43.23805],[27.889582,43.238204],[27.88963,43.23833],[27.889418,43.238463],[27.888841,43.238265],[27.88842,43.238414],[27.888321,43.23829],[27.887351,43.238672],[27.887557,43.238898],[27.887799,43.238665],[27.887995,43.238823],[27.887631,43.239207],[27.887752,43.239431],[27.887965,43.239468],[27.888139,43.239314],[27.888156,43.239013],[27.888679,43.239012],[27.888728,43.239177],[27.888666,43.239363],[27.888845,43.23941],[27.888864,43.239245],[27.889257,43.23858],[27.889433,43.238667],[27.889756,43.23843],[27.889937,43.238618],[27.889703,43.238856],[27.890119,43.23898],[27.89042,43.239333],[27.890348,43.239389],[27.890263,43.239373],[27.890179,43.23932],[27.889639,43.239478],[27.889714,43.23971],[27.890148,43.239645],[27.890371,43.239827],[27.890323,43.240113],[27.890396,43.240425],[27.890402,43.240714],[27.890356,43.241038],[27.890423,43.241187],[27.890521,43.241349],[27.890168,43.241568],[27.890316,43.241793],[27.889994,43.242058],[27.889868,43.242369],[27.890125,43.242648],[27.890228,43.242803],[27.890347,43.242712],[27.890494,43.242646],[27.890756,43.243153],[27.890481,43.243235],[27.890417,43.243812],[27.890179,43.24422],[27.890115,43.244472],[27.890207,43.244677],[27.890405,43.244869],[27.890557,43.244916],[27.890632,43.245036],[27.890704,43.245433],[27.890599,43.246232],[27.891173,43.24643],[27.89121,43.246507],[27.89107,43.246951],[27.891653,43.247159],[27.891506,43.247705],[27.890659,43.248583],[27.890385,43.24845],[27.889797,43.249112],[27.889537,43.249017],[27.889006,43.249312],[27.88792,43.249808],[27.887934,43.250266],[27.888325,43.250783],[27.887658,43.251127],[27.886979,43.250509],[27.886844,43.250486],[27.886506,43.249894],[27.886694,43.24956],[27.887117,43.249588],[27.887419,43.249235],[27.887853,43.24943],[27.887938,43.249228],[27.887439,43.248757],[27.887162,43.248548],[27.886937,43.248537],[27.88674,43.248427],[27.886573,43.248222],[27.886341,43.248141],[27.886102,43.248141],[27.885672,43.247939],[27.88536,43.248036],[27.88535,43.248118],[27.885653,43.248277],[27.886067,43.248539]]]}},
{"type":"Feature","properties":{"ekatte":"94352","kind":"2","name_bg":"Сотира","name_en":"Sotira","parent_ekatte":"VAR06","parent_name":"Варна","parent_is_nuts4":"1","area2_ekatte":"","area2_name":"","document":"261","osm_type":"way","osm_id":95458013,"match_method":"name_fuzzy","match_confidence":1.0},"geometry":{"type":"Polygon","coordinates":[[[27.933602,43.225723],[27.933817,43.225686],[27.937195,43.225114],[27.938342,43.224919],[27.938861,43.224834],[27.939718,43.224693],[27.939792,43.224681],[27.940397,43.224584],[27.940762,43.224499],[27.941156,43.224386],[27.941352,43.224572],[27.941854,43.224917],[27.942742,43.225385],[27.943713,43.225893],[27.943799,43.225921],[27.944213,43.226057],[27.944997,43.226223],[27.946338,43.226271],[27.953191,43.226416],[27.954353,43.226472],[27.954918,43.226604],[27.954594,43.227159],[27.954497,43.227325],[27.954436,43.227353],[27.954268,43.227384],[27.954277,43.227578],[27.954328,43.227613],[27.954176,43.227871],[27.953962,43.228237],[27.953896,43.22835],[27.953252,43.228344],[27.952862,43.228339],[27.952553,43.227959],[27.952457,43.22784],[27.952043,43.227844],[27.952062,43.227959],[27.952081,43.228082],[27.952089,43.228132],[27.951827,43.228152],[27.95185,43.22849],[27.951399,43.228541],[27.951303,43.228835],[27.950884,43.228792],[27.950871,43.228581],[27.95065,43.228524],[27.950563,43.228397],[27.950296,43.228443],[27.95007,43.228266],[27.949303,43.228597],[27.94953,43.228801],[27.949291,43.228966],[27.949559,43.229139],[27.949317,43.229332],[27.949007,43.229204],[27.948737,43.22915],[27.948718,43.229304],[27.948905,43.229381],[27.948998,43.229436],[27.949061,43.229472],[27.949105,43.229532],[27.949128,43.22973],[27.94899,43.229894],[27.948795,43.22983],[27.948631,43.230059],[27.948447,43.230297],[27.948075,43.230156],[27.947822,43.230514],[27.947546,43.230993],[27.947311,43.231127],[27.947081,43.230953],[27.946764,43.230712],[27.946502,43.230551],[27.946585,43.230246],[27.946792,43.229998],[27.946824,43.229559],[27.946645,43.229418],[27.946139,43.229187],[27.945946,43.228986],[27.945679,43.228819],[27.945426,43.22851],[27.94481,43.228299],[27.944465,43.228266],[27.944226,43.228319],[27.943807,43.228061],[27.94354,43.22777],[27.943252,43.227529],[27.943106,43.227758],[27.943573,43.228316],[27.943924,43.228543],[27.944514,43.228878],[27.944643,43.22897],[27.944823,43.229092],[27.944916,43.22927],[27.945239,43.229443],[27.945309,43.229591],[27.945397,43.229867],[27.945544,43.229944],[27.945845,43.229953],[27.946055,43.230777],[27.946074,43.231272],[27.945953,43.231262],[27.945464,43.231325],[27.945527,43.231635],[27.945763,43.231619],[27.945878,43.231732],[27.946045,43.231895],[27.946071,43.232014],[27.946085,43.232079],[27.94632,43.232293],[27.946367,43.232441],[27.946394,43.232681],[27.946237,43.232678],[27.94607,43.23267],[27.946032,43.232829],[27.945866,43.232862],[27.94582,43.232996],[27.946019,43.233121],[27.945861,43.233323],[27.9457,43.233218],[27.945297,43.233256],[27.945234,43.233336],[27.944849,43.233336],[27.944642,43.233419],[27.94424,43.233453],[27.944228,43.233256],[27.94397,43.233269],[27.943901,43.23344],[27.943958,43.233671],[27.943832,43.233834],[27.943602,43.234089],[27.943491,43.234009],[27.943388,43.234053],[27.943262,43.23411],[27.943044,43.234144],[27.943039,43.234396],[27.942906,43.234491],[27.942751,43.234663],[27.942843,43.234739],[27.942785,43.234801],[27.942688,43.234739],[27.942285,43.235015],[27.942228,43.234986],[27.941647,43.235275],[27.941751,43.235379],[27.941417,43.235572],[27.941538,43.235765],[27.941072,43.236028],[27.940871,43.235978],[27.940078,43.236544],[27.940009,43.236694],[27.939595,43.236636],[27.939411,43.236422],[27.939601,43.236196],[27.939813,43.236033],[27.939216,43.235585],[27.939083,43.23561],[27.938992,43.235953],[27.938848,43.236049],[27.938831,43.236277],[27.938745,43.236632],[27.938681,43.236979],[27.938664,43.237343],[27.938629,43.237465],[27.938514,43.237632],[27.938344,43.237645],[27.938181,43.237656],[27.937583,43.237821],[27.937445,43.237561],[27.937279,43.236955],[27.937049,43.236866],[27.936635,43.237375],[27.935786,43.237876],[27.935907,43.238007],[27.936175,43.238298],[27.936076,43.238426],[27.936031,43.238516],[27.936537,43.23901],[27.936604,43.239458],[27.936661,43.239475],[27.936702,43.239506],[27.937188,43.24076],[27.936891,43.240697],[27.936614,43.240588],[27.936437,43.240549],[27.93626,43.240533],[27.936035,43.240518],[27.935809,43.240463],[27.935536,43.240342],[27.93503,43.240323],[27.934521,43.240527],[27.93364,43.241048],[27.933351,43.241349],[27.933168,43.241797],[27.932993,43.2418],[27.93292,43.241266],[27.932922,43.240765],[27.932984,43.240501],[27.932913,43.240045],[27.933016,43.239789],[27.932746,43.239173],[27.932302,43.2391],[27.932292,43.238071],[27.932652,43.237738],[27.9327,43.237694],[27.933135,43.237643],[27.934911,43.237623],[27.935012,43.23741],[27.934622,43.236828],[27.934727,43.236464],[27.9342,43.235953],[27.933934,43.235932],[27.933649,43.235351],[27.933681,43.235],[27.933268,43.23489],[27.933424,43.234479],[27.933604,43.234004],[27.932876,43.232982],[27.932791,43.232063],[27.931846,43.230901],[27.931386,43.230236],[27.930855,43.229541],[27.930932,43.229163],[27.93125,43.228931],[27.931273,43.228915],[27.930978,43.228384],[27.931,43.228096],[27.931052,43.22789],[27.930855,43.227425],[27.930785,43.226928],[27.930747,43.226658],[27.930907,43.226128],[27.931507,43.226063],[27.932568,43.225891],[27.933602,43.225723]]]}},
{"type":"Feature","properties":{"ekatte":"94383","kind":"2","name_bg":"Ракитника","name_en":"Rakitnika","parent_ekatte":"VAR06","parent_name":"Варна","parent_is_nuts4":"1","area2_ekatte":"","area2_name":"","document":"261","osm_type":"way","osm_id":317124502,"match_method":"name_fuzzy","match_confidence":1.0},"geometry":{"type":"Polygon","coordinates":[[[27.915569,43.10588],[27.915621,43.107513],[27.916517,43.10858],[27.917116,43.109435],[27.917438,43.111367],[27.917464,43.113085],[27.917776,43.114372],[27.918679,43.115869],[27.918998,43.117586],[27.920187,43.118651],[27.921367,43.119071],[27.923123,43.118842],[27.924877,43.118398],[27.925573,43.116956],[27.925615,43.114779],[27.925402,43.114311],[27.923903,43.112174],[27.923881,43.11067],[27.923552,43.108309],[27.922381,43.106926],[27.920992,43.106278],[27.919838,43.106099],[27.916152,43.105919],[27.915569,43.10588]]]}},
{"type":"Feature","properties":{"ekatte":"94424","kind":"2","name_bg":"Под селото","name_en":"Pod seloto","parent_ekatte":"VAR06","parent_name":"Варна","parent_is_nuts4":"1","area2_ekatte":"","area2_name":"","document":"261","osm_type":"way","osm_id":1189853935,"match_method":"name_fuzzy","match_confidence":1.0},"geometry":{"type":"Polygon","coordinates":[[[27.830308,43.149951],[27.830147,43.150076],[27.830534,43.150632],[27.832524,43.150829],[27.832223,43.152178],[27.832128,43.152147],[27.831241,43.15209],[27.830244,43.152022],[27.829459,43.151997],[27.828852,43.151987],[27.828656,43.151991],[27.827941,43.152028],[27.827569,43.151879],[27.82729,43.151763],[27.827163,43.151691],[27.827033,43.15161],[27.82687,43.151473],[27.826725,43.151313],[27.826605,43.15119],[27.826444,43.15101],[27.826265,43.150843],[27.825516,43.150132],[27.825359,43.149942],[27.825331,43.149884],[27.825325,43.149845],[27.825291,43.149767],[27.825249,43.149639],[27.825311,43.14922],[27.825319,43.14901],[27.82521,43.148573],[27.825901,43.148363],[27.825734,43.148066],[27.826953,43.147713],[27.826921,43.147629],[27.826831,43.147519],[27.826584,43.147503],[27.82616,43.146707],[27.827184,43.146323],[27.827267,43.146297],[27.827861,43.146146],[27.828092,43.146104],[27.828995,43.145939],[27.829652,43.145884],[27.830264,43.145824],[27.830547,43.145777],[27.830629,43.145776],[27.830785,43.145791],[27.831001,43.14582],[27.831838,43.145665],[27.832863,43.145456],[27.832923,43.145422],[27.832975,43.145424],[27.833033,43.145417],[27.83333,43.145347],[27.833452,43.145293],[27.83354,43.145269],[27.833746,43.145243],[27.833827,43.145217],[27.834025,43.145133],[27.834078,43.145116],[27.834145,43.145123],[27.834207,43.145176],[27.834215,43.145235],[27.834148,43.145418],[27.834108,43.145551],[27.834121,43.14584],[27.834101,43.145876],[27.834053,43.145913],[27.833972,43.145928],[27.832678,43.146187],[27.832767,43.14653],[27.831142,43.146729],[27.830767,43.147098],[27.830308,43.149951]]]}},
{"type":"Feature","properties":{"ekatte":"94441","kind":"2","name_bg":"Телевизионна кула","name_en":"Televizionna kula","parent_ekatte":"VAR06","parent_name":"Варна","parent_is_nuts4":"1","area2_ekatte":"","area2_name":"","document":"261","osm_type":"way","osm_id":174652096,"match_method":"name_fuzzy","match_confidence":1.0},"geometry":{"type":"Polygon","coordinates":[[[27.948803,43.236815],[27.948562,43.236508],[27.949767,43.235863],[27.950886,43.235429],[27.951122,43.235256],[27.951802,43.235083],[27.95266,43.235103],[27.953587,43.235105],[27.95418,43.235266],[27.954701,43.23531],[27.95525,43.235304],[27.955837,43.235127],[27.957981,43.237469],[27.959207,43.238329],[27.958859,43.238411],[27.958735,43.238583],[27.958432,43.239003],[27.958172,43.239441],[27.958083,43.239661],[27.958027,43.239777],[27.957877,43.239984],[27.957603,43.239706],[27.957555,43.239736],[27.957019,43.239243],[27.956608,43.23878],[27.955876,43.238028],[27.955047,43.237201],[27.954368,43.236575],[27.954253,43.236469],[27.953714,43.236045],[27.953671,43.236052],[27.953583,43.236049],[27.953333,43.235871],[27.953266,43.235909],[27.952786,43.235544],[27.952676,43.235621],[27.952482,43.235606],[27.952421,43.235527],[27.952303,43.235572],[27.951933,43.235601],[27.951201,43.235892],[27.950865,43.236062],[27.950226,43.236443],[27.949473,43.236667],[27.948906,43.23684],[27.948803,43.236815]]]}},
{"type":"Feature","properties":{"ekatte":"94469","kind":"2","name_bg":"Добрева чешма","name_en":"Dobreva cheshma","parent_ekatte":"VAR06","parent_name":"Варна","parent_is_nuts4":"1","area2_ekatte":"","area2_name":"","document":"261","osm_type":"relation","osm_id":12156262,"match_method":"name_fuzzy","match_confidence":1.0},"geometry":{"type":"Polygon","coordinates":[[[27.973642,43.257582],[27.973577,43.257541],[27.973419,43.257332],[27.973911,43.256955],[27.974246,43.256689],[27.97341,43.256034],[27.971964,43.255021],[27.971746,43.255209],[27.971116,43.255751],[27.971206,43.25581],[27.971005,43.255975],[27.970433,43.255572],[27.97063,43.255421],[27.970357,43.25524],[27.96927,43.254577],[27.96864,43.254145],[27.969435,43.253628],[27.96915,43.253374],[27.969021,43.253465],[27.968748,43.253659],[27.968378,43.253346],[27.967907,43.253655],[27.96709,43.253129],[27.966987,43.25306],[27.966258,43.252566],[27.966189,43.252406],[27.966052,43.252235],[27.965971,43.252212],[27.965042,43.251395],[27.964382,43.250785],[27.964154,43.250391],[27.963989,43.250056],[27.963408,43.248978],[27.962764,43.248105],[27.962654,43.248145],[27.962164,43.246874],[27.961755,43.245517],[27.961668,43.245204],[27.961553,43.24479],[27.961427,43.244618],[27.961372,43.244543],[27.960601,43.243592],[27.959899,43.242723],[27.959196,43.242047],[27.959073,43.241928],[27.958153,43.241372],[27.958712,43.240928],[27.958955,43.240605],[27.959546,43.240893],[27.960106,43.240543],[27.960832,43.241289],[27.961436,43.241903],[27.962034,43.24246],[27.962044,43.242482],[27.962093,43.242585],[27.962073,43.242668],[27.962049,43.242669],[27.961959,43.242675],[27.961618,43.242733],[27.961535,43.242843],[27.961656,43.242982],[27.961986,43.243015],[27.962052,43.24308],[27.962313,43.243117],[27.962349,43.243137],[27.963402,43.243704],[27.964041,43.244122],[27.964204,43.244211],[27.964352,43.24428],[27.964636,43.244458],[27.964821,43.244591],[27.964473,43.244795],[27.964658,43.244988],[27.964578,43.245005],[27.964446,43.245066],[27.964253,43.245243],[27.964004,43.245452],[27.964425,43.245811],[27.964866,43.246133],[27.965262,43.246703],[27.965513,43.247007],[27.965218,43.247081],[27.964985,43.246856],[27.964547,43.247033],[27.964744,43.247335],[27.964472,43.247558],[27.964463,43.247785],[27.964576,43.248201],[27.964776,43.248269],[27.964993,43.248546],[27.965286,43.248499],[27.965364,43.248756],[27.965164,43.248882],[27.964947,43.249118],[27.965111,43.249716],[27.965265,43.249821],[27.965703,43.250034],[27.966156,43.249969],[27.966764,43.249868],[27.967054,43.249767],[27.967249,43.249601],[27.967336,43.249343],[27.967756,43.24959],[27.967486,43.250152],[27.967697,43.250263],[27.967576,43.250368],[27.967782,43.250821],[27.966857,43.250993],[27.966428,43.251181],[27.966396,43.251329],[27.966868,43.251181],[27.967457,43.251307],[27.96824,43.251362],[27.968595,43.251251],[27.968865,43.250668],[27.969308,43.250411],[27.969587,43.250706],[27.970076,43.2514],[27.970409,43.251939],[27.971042,43.252744],[27.971878,43.253089],[27.971908,43.253118],[27.973185,43.254372],[27.973927,43.25457],[27.97481,43.254976],[27.975799,43.255061],[27.976251,43.255104],[27.976949,43.255253],[27.9787,43.255675],[27.979814,43.255718],[27.980222,43.255828],[27.981865,43.256085],[27.982567,43.256184],[27.98303,43.256267],[27.982824,43.256641],[27.981846,43.25647],[27.981759,43.256455],[27.98172,43.256448],[27.980866,43.256299],[27.980859,43.256516],[27.980873,43.256633],[27.980814,43.256746],[27.980646,43.256833],[27.98054,43.256931],[27.980476,43.257223],[27.980462,43.257278],[27.980464,43.25735],[27.980412,43.257423],[27.980254,43.25752],[27.980011,43.25775],[27.979742,43.257907],[27.979662,43.257931],[27.979212,43.257997],[27.979135,43.257998],[27.978916,43.257956],[27.978532,43.257969],[27.977666,43.257896],[27.97747,43.25802],[27.977339,43.257951],[27.976982,43.258189],[27.976414,43.257823],[27.975329,43.257419],[27.975329,43.257459],[27.975325,43.257484],[27.975303,43.257511],[27.975217,43.257581],[27.974979,43.257739],[27.97528,43.257951],[27.974859,43.258294],[27.973891,43.258332],[27.973647,43.25814],[27.973315,43.25788],[27.973418,43.257818],[27.973568,43.257714],[27.973642,43.257582]]]}},
{"type":"Feature","properties":{"ekatte":"94530","kind":"2","name_bg":"Бялата чешма и Дъбравата","name_en":"Byalata cheshma i Dabravata","parent_ekatte":"VAR06","parent_name":"Варна","parent_is_nuts4":"1","area2_ekatte":"","area2_name":"","document":"261","osm_type":"way","osm_id":949426389,"match_method":"name_fuzzy","match_confidence":1.0},"geometry":{"type":"Polygon","coordinates":[[[27.99956,43.258264],[27.999557,43.258199],[27.9996,43.258149],[28.000367,43.257851],[28.000432,43.257838],[28.000692,43.258237],[28.001348,43.258715],[28.002023,43.258489],[28.002456,43.258425],[28.004258,43.259332],[28.005589,43.260519],[28.005782,43.260722],[28.006168,43.260347],[28.00664,43.260551],[28.010331,43.261285],[28.011017,43.261785],[28.011897,43.261412],[28.012263,43.261497],[28.013099,43.261691],[28.013683,43.261857],[28.01371,43.261865],[28.013736,43.26216],[28.013807,43.262369],[28.013861,43.262496],[28.013882,43.262521],[28.013919,43.262542],[28.013963,43.262549],[28.014136,43.263028],[28.014503,43.26343],[28.014991,43.263246],[28.015557,43.263586],[28.015942,43.263889],[28.015853,43.263975],[28.015695,43.26417],[28.0156,43.264241],[28.015476,43.264295],[28.015314,43.264318],[28.015029,43.2644],[28.014821,43.264467],[28.014648,43.264607],[28.014462,43.264721],[28.014228,43.264763],[28.013875,43.264716],[28.013717,43.264596],[28.013537,43.264592],[28.013079,43.264472],[28.012438,43.264472],[28.011989,43.264355],[28.011545,43.264387],[28.010864,43.264281],[28.010291,43.263889],[28.009101,43.263327],[28.008848,43.262979],[28.00871,43.262895],[28.008143,43.26242],[28.007814,43.262132],[28.007721,43.262051],[28.007512,43.261974],[28.007397,43.261948],[28.007288,43.261943],[28.007168,43.261893],[28.006547,43.26156],[28.003864,43.260397],[28.003277,43.260636],[28.002899,43.260664],[28.002371,43.260385],[28.001472,43.259876],[27.999963,43.258755],[27.99956,43.258264]]]}},
{"type":"Feature","properties":{"ekatte":"94784","kind":"2","name_bg":"Лозите","name_en":"Lozite","parent_ekatte":"37099","parent_name":"Кичево","parent_is_nuts4":"0","area2_ekatte":"","area2_name":"","document":"266","osm_type":"way","osm_id":1169522175,"match_method":"name_fuzzy","match_confidence":1.0},"geometry":{"type":"Polygon","coordinates":[[[27.982865,43.260398],[27.982851,43.260532],[27.982875,43.260916],[27.982905,43.261279],[27.982914,43.261432],[27.982962,43.262273],[27.982905,43.262802],[27.982891,43.263273],[27.982907,43.263339],[27.982916,43.263394],[27.983628,43.263331],[27.984092,43.263299],[27.984025,43.263888],[27.982969,43.264632],[27.982969,43.264737],[27.98471,43.264816],[27.985042,43.264823],[27.985541,43.265195],[27.985965,43.265281],[27.986619,43.265218],[27.987005,43.264938],[27.987633,43.265242],[27.987389,43.265483],[27.986979,43.265687],[27.987012,43.265772],[27.985627,43.265724],[27.985243,43.265816],[27.985176,43.265945],[27.985445,43.26613],[27.987003,43.265876],[27.987551,43.265718],[27.988729,43.265581],[27.988826,43.265439],[27.989331,43.265492],[27.989452,43.265273],[27.989444,43.265137],[27.989275,43.265],[27.98955,43.264937],[27.989731,43.264714],[27.989546,43.264312],[27.989852,43.264062],[27.990359,43.264112],[27.990922,43.262776],[27.990621,43.261887],[27.989774,43.261643],[27.98912,43.261308],[27.989173,43.260292],[27.989141,43.260118],[27.9893,43.259778],[27.989342,43.259636],[27.989331,43.25953],[27.989326,43.259478],[27.989469,43.259401],[27.989735,43.259252],[27.990021,43.259061],[27.99009,43.259007],[27.990238,43.258845],[27.990288,43.25882],[27.990993,43.258164],[27.990887,43.25799],[27.990647,43.258154],[27.990218,43.258384],[27.988993,43.259017],[27.988472,43.258993],[27.988008,43.259009],[27.987904,43.259016],[27.986764,43.259288],[27.986453,43.259459],[27.986265,43.259683],[27.986147,43.259886],[27.983465,43.260252],[27.982865,43.260398]]]}},
{"type":"Feature","properties":{"ekatte":"94842","kind":"2","name_bg":"Могилите","name_en":"Mogilite","parent_ekatte":"54145","parent_name":"Осеново","parent_is_nuts4":"0","area2_ekatte":"37099","area2_name":"Кичево","document":"266","osm_type":"way","osm_id":265053345,"match_method":"name_fuzzy","match_confidence":1.0},"geometry":{"type":"Polygon","coordinates":[[[27.978437,43.309125],[27.978542,43.309248],[27.978729,43.309469],[27.979185,43.30972],[27.979301,43.309944],[27.97939,43.310104],[27.979523,43.310355],[27.97963,43.310632],[27.979798,43.311179],[27.979899,43.311623],[27.980961,43.311518],[27.981028,43.311647],[27.981115,43.311886],[27.980682,43.311817],[27.980587,43.312112],[27.980689,43.312169],[27.980664,43.312213],[27.980165,43.313084],[27.980764,43.313323],[27.980584,43.31389],[27.980719,43.31402],[27.981135,43.314028],[27.981236,43.314029],[27.981281,43.31406],[27.981357,43.314112],[27.981444,43.314196],[27.981352,43.314258],[27.981318,43.314329],[27.981304,43.314385],[27.981272,43.314428],[27.98109,43.314593],[27.981046,43.314663],[27.980963,43.31477],[27.980764,43.314913],[27.980599,43.314815],[27.98027,43.314989],[27.9803,43.315218],[27.979312,43.315893],[27.979806,43.316317],[27.980113,43.316322],[27.980345,43.316263],[27.980444,43.316211],[27.980495,43.316153],[27.980539,43.316071],[27.980614,43.315969],[27.981002,43.315711],[27.981557,43.316089],[27.981841,43.315904],[27.982589,43.316352],[27.982706,43.316412],[27.982785,43.31641],[27.982852,43.316383],[27.982976,43.31628],[27.983025,43.316198],[27.983252,43.316018],[27.983343,43.315944],[27.983426,43.315874],[27.983452,43.31585],[27.983485,43.315835],[27.983539,43.31581],[27.983557,43.315786],[27.983573,43.315727],[27.983626,43.315666],[27.984686,43.316268],[27.984835,43.316421],[27.985403,43.316688],[27.985674,43.316434],[27.986083,43.316051],[27.986274,43.315841],[27.986345,43.315762],[27.986615,43.315632],[27.986828,43.31568],[27.987009,43.315495],[27.986998,43.31532],[27.986896,43.31489],[27.986503,43.31451],[27.986367,43.314379],[27.985797,43.313823],[27.985736,43.313275],[27.986408,43.312763],[27.987063,43.3129],[27.987109,43.312681],[27.987453,43.31243],[27.987872,43.312648],[27.987932,43.312587],[27.988141,43.312376],[27.988125,43.312289],[27.988111,43.312213],[27.987498,43.311984],[27.987271,43.311763],[27.987183,43.311676],[27.986528,43.311666],[27.986375,43.311788],[27.98517,43.311535],[27.985296,43.311095],[27.985341,43.311019],[27.985375,43.310867],[27.98541,43.310367],[27.985944,43.310318],[27.985971,43.310318],[27.985851,43.309676],[27.985397,43.309252],[27.985103,43.308979],[27.984669,43.309099],[27.984508,43.308927],[27.984445,43.308859],[27.983921,43.308881],[27.983936,43.308532],[27.983714,43.308509],[27.983562,43.308543],[27.983513,43.308664],[27.983487,43.308859],[27.982919,43.309055],[27.981721,43.308042],[27.98232,43.307694],[27.982709,43.307825],[27.982964,43.307607],[27.983248,43.307661],[27.983442,43.307378],[27.983831,43.307618],[27.983727,43.307868],[27.984445,43.308228],[27.985298,43.308369],[27.985564,43.307815],[27.985656,43.307625],[27.985717,43.307498],[27.985313,43.307443],[27.984864,43.307291],[27.984608,43.307182],[27.985148,43.305788],[27.985253,43.30544],[27.98445,43.305411],[27.984026,43.305396],[27.983846,43.3052],[27.983592,43.305222],[27.983607,43.305505],[27.983485,43.305501],[27.983326,43.305496],[27.982934,43.305484],[27.982769,43.30605],[27.98271,43.306039],[27.98217,43.305941],[27.982156,43.305977],[27.982105,43.306104],[27.981961,43.306463],[27.981243,43.306953],[27.980312,43.30667],[27.980275,43.306588],[27.980212,43.306453],[27.980133,43.306363],[27.980028,43.306307],[27.979896,43.306296],[27.979776,43.306311],[27.979519,43.306543],[27.978457,43.307707],[27.978375,43.307766],[27.977936,43.307585],[27.977172,43.308064],[27.977891,43.308685],[27.977369,43.309152],[27.977413,43.309196],[27.978437,43.309125]]]}},
{"type":"Feature","properties":{"ekatte":"95066","kind":"2","name_bg":"Кюмбетите","name_en":"Kyumbetite","parent_ekatte":"58503","parent_name":"Провадия","parent_is_nuts4":"0","area2_ekatte":"","area2_name":"","document":"1611","osm_type":"way","osm_id":1053707477,"match_method":"name_fuzzy","match_confidence":1.0},"geometry":{"type":"Polygon","coordinates":[[[27.443117,43.208032],[27.443259,43.208032],[27.44334,43.208025],[27.443875,43.20776],[27.444126,43.207949],[27.445368,43.207542],[27.445912,43.207324],[27.445353,43.206641],[27.445467,43.206442],[27.445107,43.205974],[27.443622,43.205745],[27.443124,43.205869],[27.44299,43.205873],[27.442255,43.205745],[27.442158,43.205714],[27.441949,43.205573],[27.441208,43.206261],[27.440867,43.206081],[27.440535,43.206392],[27.440289,43.206727],[27.440171,43.207121],[27.440554,43.207507],[27.440758,43.207663],[27.441075,43.207766],[27.440985,43.207873],[27.441364,43.20805],[27.441312,43.208119],[27.441786,43.208309],[27.441933,43.208305],[27.442359,43.208422],[27.442757,43.207936],[27.443117,43.208032]]]}},
{"type":"Feature","properties":{"ekatte":"95087","kind":"2","name_bg":"Фазанарията","name_en":"Fazanariyata","parent_ekatte":"58503","parent_name":"Провадия","parent_is_nuts4":"0","area2_ekatte":"","area2_name":"","document":"1611","osm_type":"way","osm_id":1060013582,"match_method":"name_fuzzy","match_confidence":1.0},"geometry":{"type":"Polygon","coordinates":[[[27.422183,43.211139],[27.421627,43.210882],[27.421936,43.210368],[27.421371,43.210137],[27.421195,43.210204],[27.420375,43.209867],[27.420573,43.209526],[27.42097,43.20906],[27.419947,43.208845],[27.419828,43.208829],[27.419559,43.208755],[27.419965,43.208038],[27.420926,43.207697],[27.421363,43.206894],[27.421027,43.206653],[27.420728,43.206367],[27.421287,43.205554],[27.420974,43.205306],[27.420287,43.205326],[27.42015,43.204709],[27.420309,43.204111],[27.420657,43.203754],[27.420609,43.203657],[27.42056,43.203555],[27.42134,43.203339],[27.421792,43.203262],[27.421702,43.203012],[27.421415,43.202764],[27.42177,43.202582],[27.42226,43.203205],[27.422586,43.203477],[27.422738,43.203548],[27.423206,43.203696],[27.423673,43.203027],[27.424744,43.202941],[27.425207,43.202982],[27.425459,43.202928],[27.425816,43.20278],[27.426879,43.202247],[27.427271,43.201957],[27.427465,43.201755],[27.427862,43.201517],[27.428197,43.20144],[27.428325,43.201395],[27.428982,43.200771],[27.428545,43.200601],[27.428955,43.200058],[27.429736,43.199273],[27.430168,43.199463],[27.43045,43.198978],[27.431799,43.198306],[27.43202,43.198071],[27.432297,43.197894],[27.432474,43.197335],[27.432527,43.196852],[27.432655,43.196628],[27.433212,43.195748],[27.433446,43.195356],[27.433492,43.195158],[27.4334,43.194431],[27.433405,43.194268],[27.433512,43.193853],[27.433544,43.193681],[27.434805,43.193691],[27.434652,43.194177],[27.435532,43.19438],[27.435471,43.195027],[27.435439,43.195513],[27.435346,43.196078],[27.435225,43.196583],[27.434937,43.197293],[27.434302,43.198564],[27.434115,43.198845],[27.433917,43.199084],[27.433597,43.199427],[27.432655,43.200239],[27.432223,43.200585],[27.432005,43.200832],[27.431974,43.200937],[27.431974,43.20104],[27.43211,43.201144],[27.432157,43.201173],[27.432164,43.20123],[27.432129,43.201278],[27.431565,43.201752],[27.428142,43.204485],[27.427831,43.204829],[27.427912,43.205008],[27.428138,43.205062],[27.427842,43.205919],[27.427531,43.205836],[27.426873,43.206796],[27.424739,43.209526],[27.422967,43.211856],[27.422756,43.212086],[27.422644,43.212168],[27.422394,43.212271],[27.421747,43.211953],[27.42171,43.211929],[27.421682,43.2119],[27.421668,43.211866],[27.421667,43.211832],[27.421677,43.211799],[27.421699,43.21177],[27.422183,43.211139]]]}},
{"type":"Feature","properties":{"ekatte":"95337","kind":"2","name_bg":"Индустриална зона Марица","name_en":"Industrialna zona Maritsa","parent_ekatte":"03839","parent_name":"Бенковски","parent_is_nuts4":"0","area2_ekatte":"78080","area2_name":"Царацово","document":"1814","osm_type":"way","osm_id":441758761,"match_method":"name_exact","match_confidence":0.9},"geometry":{"type":"Polygon","coordinates":[[[24.658894,42.192885],[24.659877,42.19432],[24.65951,42.194445],[24.660127,42.195355],[24.656656,42.19671],[24.657275,42.197587],[24.655348,42.198282],[24.653702,42.19873],[24.653187,42.198784],[24.652775,42.198845],[24.651566,42.198924],[24.650842,42.198909],[24.647013,42.198616],[24.646668,42.197881],[24.645428,42.195395],[24.644337,42.193044],[24.644218,42.192706],[24.644433,42.192364],[24.646104,42.190953],[24.647861,42.190905],[24.64977,42.191039],[24.650841,42.190787],[24.651073,42.191623],[24.650897,42.193444],[24.654403,42.193597],[24.657014,42.193207],[24.658894,42.192885]]]}},
{"type":"Feature","properties":{"ekatte":"95412","kind":"2","name_bg":"Бизнес парк Меден рудник","name_en":"Biznes park Meden rudnik","parent_ekatte":"07079","parent_name":"Бургас","parent_is_nuts4":"0","area2_ekatte":"","area2_name":"","document":"1821","osm_type":"way","osm_id":709274800,"match_method":"name_fuzzy","match_confidence":0.867},"geometry":{"type":"Polygon","coordinates":[[[27.431158,42.447171],[27.431653,42.447059],[27.432512,42.447377],[27.431992,42.448198],[27.431767,42.448121],[27.431288,42.448741],[27.430709,42.448473],[27.430388,42.448324],[27.430556,42.448047],[27.431019,42.447863],[27.430745,42.447766],[27.430799,42.447697],[27.431158,42.447171]]]}},
{"type":"Feature","properties":{"ekatte":"95515","kind":"2","name_bg":"Росенец","name_en":"Rosenets","parent_ekatte":"07079","parent_name":"Бургас","parent_is_nuts4":"0","area2_ekatte":"","area2_name":"","document":"1821","osm_type":"way","osm_id":229823810,"match_method":"name_fuzzy","match_confidence":1.0},"geometry":{"type":"Polygon","coordinates":[[[27.535302,42.445671],[27.536021,42.445482],[27.536333,42.44515],[27.536676,42.444992],[27.537152,42.4449],[27.537836,42.445069],[27.538687,42.444856],[27.539301,42.444251],[27.539486,42.444086],[27.540973,42.443597],[27.541148,42.443566],[27.541436,42.443627],[27.542842,42.444383],[27.543462,42.444612],[27.545099,42.445002],[27.545678,42.445267],[27.547371,42.446365],[27.547271,42.446477],[27.547715,42.446753],[27.548368,42.447014],[27.549291,42.44778],[27.548572,42.448288],[27.550503,42.449975],[27.550277,42.450307],[27.550127,42.451154],[27.549399,42.451873],[27.548218,42.452468],[27.547746,42.452919],[27.547081,42.453084],[27.546105,42.452807],[27.543981,42.452641],[27.543863,42.452538],[27.541963,42.452413],[27.541599,42.452229],[27.537855,42.453812],[27.536943,42.453773],[27.536202,42.453929],[27.535492,42.45408],[27.535474,42.453637],[27.536143,42.453586],[27.536365,42.453351],[27.535843,42.453056],[27.535501,42.452858],[27.535328,42.452976],[27.53518,42.452889],[27.535749,42.452359],[27.535935,42.452475],[27.535684,42.452686],[27.535995,42.452862],[27.536108,42.45286],[27.536608,42.453161],[27.536919,42.452964],[27.537112,42.452471],[27.536751,42.452285],[27.536888,42.452189],[27.537206,42.452331],[27.537815,42.451874],[27.537955,42.451698],[27.536929,42.451016],[27.537052,42.450903],[27.538364,42.451718],[27.538857,42.451291],[27.538714,42.451184],[27.539051,42.450894],[27.539178,42.450479],[27.539503,42.449882],[27.539384,42.449482],[27.538825,42.4496],[27.538757,42.449446],[27.539305,42.449329],[27.538957,42.448721],[27.538362,42.448871],[27.53828,42.449012],[27.538027,42.449148],[27.537791,42.448609],[27.53815,42.448552],[27.538403,42.448655],[27.538477,42.448558],[27.538261,42.447932],[27.537882,42.448027],[27.537843,42.447932],[27.538234,42.447774],[27.537938,42.447426],[27.536903,42.446889],[27.536442,42.446663],[27.53527,42.446181],[27.535111,42.44628],[27.534988,42.446247],[27.534981,42.446108],[27.535302,42.445671]]]}},
{"type":"Feature","properties":{"ekatte":"95529","kind":"2","name_bg":"Пирин","name_en":"Pirin","parent_ekatte":"61813","parent_name":"Разлог","parent_is_nuts4":"0","area2_ekatte":"","area2_name":"","document":"1822","osm_type":"relation","osm_id":14392475,"match_method":"name_exact","match_confidence":0.9},"geometry":{"type":"MultiPolygon","coordinates":[[[[23.303931,41.735848],[23.304018,41.735844],[23.304112,41.735848],[23.304206,41.735858],[23.304293,41.735889],[23.30451,41.736001],[23.304596,41.736041],[23.304772,41.736108],[23.304859,41.736128],[23.304953,41.736143],[23.305262,41.73617],[23.305565,41.736219],[23.305679,41.736244],[23.30578,41.736273],[23.306178,41.736407],[23.306354,41.736483],[23.306517,41.736577],[23.306595,41.736627],[23.306662,41.73668],[23.306758,41.73679],[23.306804,41.73683],[23.306862,41.736853],[23.306927,41.736861],[23.307004,41.736846],[23.307077,41.736824],[23.307142,41.736779],[23.307253,41.736679],[23.307349,41.736558],[23.30739,41.736491],[23.307595,41.736004],[23.307629,41.735939],[23.307744,41.735746],[23.307788,41.735685],[23.307838,41.735631],[23.307906,41.73558],[23.307983,41.735533],[23.308072,41.735493],[23.308161,41.735459],[23.308246,41.735432],[23.308332,41.735413],[23.308537,41.735397],[23.308634,41.735393],[23.308817,41.735397],[23.308923,41.735409],[23.309029,41.735428],[23.309123,41.735451],[23.309395,41.735534],[23.309665,41.735596],[23.309742,41.735605],[23.309822,41.735607],[23.309904,41.735596],[23.309986,41.735574],[23.310063,41.735546],[23.310126,41.735506],[23.310178,41.735459],[23.310369,41.735253],[23.310429,41.735208],[23.310494,41.735173],[23.310559,41.735155],[23.310622,41.735155],[23.310685,41.735178],[23.31074,41.735214],[23.310788,41.735259],[23.310832,41.735308],[23.310911,41.735409],[23.310938,41.735465],[23.310952,41.735523],[23.310952,41.735584],[23.31094,41.735647],[23.310911,41.735712],[23.310798,41.735895],[23.310757,41.735951],[23.310665,41.736062],[23.310525,41.736214],[23.310468,41.736261],[23.310405,41.736302],[23.310251,41.736374],[23.310171,41.736407],[23.310005,41.736457],[23.309832,41.736495],[23.309679,41.736541],[23.309549,41.736616],[23.309501,41.736666],[23.309465,41.73672],[23.309443,41.736774],[23.309431,41.736832],[23.309426,41.736888],[23.309429,41.737009],[23.309439,41.737137],[23.309448,41.7372],[23.309472,41.737321],[23.309542,41.73761],[23.30954,41.73766],[23.309528,41.737704],[23.309501,41.737743],[23.30946,41.737777],[23.309398,41.73781],[23.309188,41.73788],[23.308981,41.737956],[23.308867,41.738014],[23.308819,41.738051],[23.308776,41.738098],[23.308747,41.738147],[23.308723,41.738196],[23.308689,41.738288],[23.308633,41.738407],[23.308585,41.738501],[23.308554,41.738551],[23.308332,41.738798],[23.308224,41.738881],[23.308098,41.738962],[23.307821,41.739095],[23.307758,41.739117],[23.3077,41.739144],[23.307652,41.739175],[23.307623,41.739236],[23.30766,41.73926],[23.30784,41.739348],[23.307983,41.73944],[23.30805,41.739505],[23.308108,41.739574],[23.308154,41.739646],[23.30819,41.739722],[23.308248,41.73987],[23.308267,41.739946],[23.308308,41.740173],[23.308395,41.740464],[23.308431,41.740608],[23.308457,41.740749],[23.308479,41.740949],[23.308494,41.741011],[23.308539,41.741141],[23.308568,41.741198],[23.30864,41.74131],[23.30873,41.74141],[23.308771,41.741462],[23.308843,41.74156],[23.308898,41.741648],[23.308918,41.741691],[23.308959,41.741845],[23.309038,41.741927],[23.309142,41.742022],[23.309226,41.742107],[23.309258,41.742152],[23.309264,41.742168],[23.309226,41.742206],[23.309207,41.742215],[23.309168,41.742246],[23.309086,41.742323],[23.309048,41.742366],[23.30894,41.742523],[23.308843,41.742633],[23.30873,41.742743],[23.308527,41.742918],[23.308385,41.74303],[23.308306,41.743086],[23.307898,41.743353],[23.307814,41.743399],[23.307539,41.743525],[23.307361,41.743596],[23.307259,41.743628],[23.307057,41.743684],[23.30696,41.743707],[23.306654,41.743769],[23.30617,41.743896],[23.305637,41.744078],[23.305436,41.744165],[23.305459,41.744204],[23.305502,41.744249],[23.30555,41.744291],[23.305606,41.744324],[23.305668,41.744352],[23.305811,41.744401],[23.305972,41.74445],[23.306066,41.744475],[23.306348,41.744539],[23.306656,41.744597],[23.306862,41.744631],[23.307368,41.744713],[23.307672,41.744755],[23.307847,41.744747],[23.308113,41.744724],[23.30819,41.744721],[23.30826,41.744723],[23.308332,41.74473],[23.308402,41.744743],[23.308472,41.744766],[23.308537,41.744795],[23.308592,41.744835],[23.308636,41.74488],[23.308705,41.744974],[23.308766,41.745079],[23.308819,41.745183],[23.308867,41.745292],[23.308932,41.745456],[23.308958,41.74551],[23.309074,41.745669],[23.309106,41.745721],[23.30913,41.74577],[23.309154,41.745875],[23.309154,41.745927],[23.309137,41.745981],[23.30911,41.746034],[23.308954,41.746228],[23.308927,41.746282],[23.308908,41.746338],[23.308903,41.746391],[23.308913,41.746441],[23.308934,41.74649],[23.309033,41.74664],[23.30906,41.746698],[23.309077,41.746753],[23.309082,41.746856],[23.309077,41.746903],[23.309065,41.746956],[23.309043,41.747008],[23.308975,41.747116],[23.308891,41.747219],[23.308802,41.747315],[23.308684,41.747473],[23.308653,41.747525],[23.308638,41.747578],[23.308633,41.747625],[23.30864,41.747675],[23.308655,41.747728],[23.308703,41.747834],[23.308736,41.747886],[23.308855,41.74804],[23.308886,41.748094],[23.30891,41.74815],[23.308927,41.748208],[23.308942,41.748264],[23.308947,41.748316],[23.308944,41.748426],[23.30893,41.748596],[23.308929,41.74865],[23.308937,41.748699],[23.308954,41.748749],[23.309021,41.748852],[23.309065,41.748901],[23.309173,41.74899],[23.309368,41.749105],[23.30992,41.749391],[23.309988,41.749431],[23.310043,41.749472],[23.310089,41.749517],[23.310128,41.749566],[23.310154,41.749616],[23.310188,41.749716],[23.310198,41.749817],[23.310198,41.749918],[23.310205,41.749967],[23.310239,41.75006],[23.310267,41.750106],[23.310306,41.750152],[23.31055,41.750386],[23.31059,41.750431],[23.310655,41.750528],[23.310679,41.750583],[23.310716,41.750752],[23.310762,41.750915],[23.310899,41.751266],[23.310938,41.751389],[23.311003,41.751624],[23.311015,41.751685],[23.311037,41.751875],[23.311039,41.751992],[23.311032,41.752055],[23.311015,41.752115],[23.310947,41.752292],[23.310933,41.752346],[23.310921,41.752465],[23.310923,41.752524],[23.310935,41.752579],[23.310957,41.752633],[23.310988,41.752685],[23.311065,41.75279],[23.311162,41.752896],[23.311219,41.752947],[23.311285,41.752992],[23.311497,41.753117],[23.311574,41.753153],[23.311649,41.753184],[23.311729,41.753209],[23.311813,41.753227],[23.311895,41.75324],[23.311977,41.753243],[23.312042,41.753242],[23.3121,41.753234],[23.312155,41.753224],[23.312268,41.753191],[23.312387,41.753143],[23.312447,41.753114],[23.312625,41.753011],[23.312758,41.752946],[23.313052,41.752835],[23.313127,41.752811],[23.313204,41.752799],[23.313286,41.752795],[23.313378,41.752797],[23.313548,41.752808],[23.314436,41.752906],[23.314624,41.752933],[23.315118,41.75299],[23.315308,41.753002],[23.315464,41.753005],[23.315494,41.75334],[23.315511,41.753445],[23.315538,41.753737],[23.315533,41.753845],[23.315516,41.753899],[23.315494,41.753952],[23.315456,41.754002],[23.315405,41.754042],[23.315349,41.754078],[23.315214,41.754148],[23.315092,41.754228],[23.315043,41.754272],[23.315,41.754321],[23.314973,41.754366],[23.314964,41.754413],[23.314966,41.754511],[23.314988,41.754624],[23.315072,41.754861],[23.315092,41.754924],[23.315101,41.754993],[23.315104,41.755061],[23.315099,41.75519],[23.31506,41.755395],[23.315031,41.755649],[23.315038,41.755709],[23.315063,41.755772],[23.315106,41.755826],[23.315157,41.755868],[23.315215,41.75591],[23.31534,41.755978],[23.315403,41.75602],[23.315755,41.756292],[23.315871,41.75639],[23.315972,41.756495],[23.316092,41.756641],[23.316158,41.75674],[23.316206,41.756887],[23.316232,41.757004],[23.316246,41.757047],[23.316288,41.75713],[23.316317,41.757172],[23.316384,41.757248],[23.31642,41.757278],[23.316459,41.757304],[23.316562,41.757345],[23.316625,41.757362],[23.316755,41.757362],[23.316833,41.757351],[23.316903,41.757336],[23.317105,41.757275],[23.317392,41.757203],[23.317459,41.757191],[23.317525,41.757189],[23.317587,41.757191],[23.317657,41.757198],[23.317722,41.757213],[23.317775,41.757234],[23.317823,41.757263],[23.317855,41.757305],[23.317876,41.75735],[23.317891,41.757399],[23.317927,41.757557],[23.318021,41.75822],[23.318043,41.758404],[23.318089,41.758646],[23.318108,41.758707],[23.318132,41.758765],[23.318163,41.758821],[23.318248,41.759001],[23.318286,41.759117],[23.318313,41.759236],[23.31835,41.759485],[23.3184,41.759671],[23.318501,41.760115],[23.318525,41.760178],[23.318649,41.760422],[23.318718,41.760604],[23.318747,41.760664],[23.318849,41.760846],[23.318969,41.761012],[23.319041,41.761135],[23.319083,41.761195],[23.319128,41.761251],[23.319519,41.761679],[23.319555,41.761731],[23.319582,41.761789],[23.319664,41.762023],[23.319777,41.762327],[23.319956,41.762696],[23.320004,41.762812],[23.320023,41.762875],[23.320107,41.76306],[23.320139,41.763114],[23.320166,41.763171],[23.320264,41.763415],[23.320506,41.76389],[23.320578,41.764072],[23.320607,41.76413],[23.320766,41.76441],[23.320805,41.764466],[23.320923,41.764619],[23.321096,41.764816],[23.321153,41.764981],[23.321228,41.765097],[23.321317,41.765198],[23.321428,41.765303],[23.321479,41.765359],[23.321529,41.765417],[23.321611,41.765538],[23.321671,41.765655],[23.321693,41.765717],[23.321743,41.765895],[23.321804,41.766063],[23.321832,41.766116],[23.321902,41.766219],[23.321989,41.766331],[23.322035,41.766365],[23.322582,41.766654],[23.322736,41.766745],[23.322912,41.766839],[23.323145,41.766972],[23.323232,41.767016],[23.323314,41.767051],[23.323372,41.767189],[23.323468,41.767381],[23.323521,41.767513],[23.323562,41.767648],[23.323612,41.767856],[23.323692,41.768121],[23.323795,41.768387],[23.323918,41.768656],[23.323964,41.768793],[23.32407,41.769151],[23.324199,41.769506],[23.324329,41.77002],[23.324452,41.770457],[23.324505,41.770679],[23.324601,41.771038],[23.324676,41.771255],[23.324736,41.771399],[23.324806,41.77154],[23.325123,41.772088],[23.325174,41.772155],[23.325232,41.77222],[23.325651,41.772673],[23.325918,41.773011],[23.326007,41.773146],[23.326195,41.773495],[23.326231,41.773567],[23.326289,41.77371],[23.326407,41.774073],[23.326556,41.774496],[23.32659,41.774645],[23.326609,41.77479],[23.326626,41.77501],[23.326633,41.775231],[23.326633,41.776195],[23.326625,41.776345],[23.326579,41.776868],[23.326543,41.777395],[23.326518,41.777621],[23.326511,41.777769],[23.326528,41.778071],[23.326544,41.778224],[23.326554,41.778373],[23.32658,41.778894],[23.326634,41.779261],[23.326645,41.779337],[23.326667,41.779546],[23.326676,41.779965],[23.326683,41.780035],[23.326743,41.780384],[23.326787,41.780525],[23.326888,41.7808],[23.327011,41.781074],[23.327092,41.78128],[23.327184,41.781486],[23.327316,41.781833],[23.327374,41.782035],[23.327386,41.782102],[23.327434,41.782423],[23.327429,41.782548],[23.327415,41.782613],[23.327395,41.782672],[23.327335,41.782788],[23.327222,41.782963],[23.326935,41.783353],[23.326896,41.783403],[23.326763,41.783553],[23.326657,41.783688],[23.32657,41.783788],[23.326512,41.783873],[23.326491,41.783927],[23.326474,41.783955],[23.326378,41.784082],[23.325989,41.784494],[23.325885,41.784613],[23.325789,41.784737],[23.32554,41.78512],[23.32548,41.785252],[23.325429,41.785387],[23.325391,41.785528],[23.325359,41.785667],[23.325287,41.786106],[23.325202,41.786461],[23.325159,41.786676],[23.325135,41.786889],[23.32513,41.787037],[23.325129,41.787756],[23.325124,41.787823],[23.325083,41.788099],[23.325066,41.788301],[23.325025,41.788503],[23.32502,41.788572],[23.325018,41.788718],[23.325039,41.789002],[23.325044,41.78915],[23.325046,41.789721],[23.325015,41.790212],[23.324976,41.790557],[23.324944,41.790694],[23.324894,41.790829],[23.324787,41.791035],[23.324667,41.791311],[23.324539,41.791663],[23.324452,41.791854],[23.324302,41.792158],[23.324165,41.792412],[23.324319,41.792436],[23.324586,41.792581],[23.324831,41.792736],[23.325396,41.793211],[23.325676,41.793543],[23.325688,41.793591],[23.325784,41.793878],[23.325868,41.79423],[23.325909,41.794362],[23.325962,41.794494],[23.325996,41.79456],[23.326044,41.794639],[23.325969,41.794647],[23.324973,41.794867],[23.324631,41.794931],[23.324052,41.795063],[23.323828,41.795122],[23.32335,41.795236],[23.3231,41.795302],[23.322757,41.795409],[23.321894,41.795706],[23.32145,41.795852],[23.321207,41.795912],[23.320618,41.796041],[23.320015,41.796183],[23.319757,41.796236],[23.319034,41.79641],[23.318906,41.796435],[23.318788,41.796453],[23.318672,41.796462],[23.318559,41.796464],[23.318421,41.796464],[23.317693,41.796433],[23.317315,41.796434],[23.317071,41.796443],[23.316816,41.796457],[23.316575,41.796477],[23.316078,41.796534],[23.315586,41.796581],[23.31522,41.79661],[23.314969,41.7966],[23.314361,41.79656],[23.31412,41.796555],[23.313889,41.796562],[23.313785,41.796571],[23.313578,41.796598],[23.31323,41.796673],[23.313084,41.796691],[23.312766,41.796697],[23.312231,41.796815],[23.312367,41.796978],[23.312473,41.797119],[23.312586,41.79726],[23.312846,41.797541],[23.313164,41.797896],[23.313222,41.797968],[23.313326,41.798114],[23.313509,41.798401],[23.313562,41.798468],[23.313687,41.798611],[23.313824,41.798752],[23.313962,41.798884],[23.314041,41.798953],[23.314125,41.799019],[23.314215,41.799083],[23.314366,41.799209],[23.314516,41.799341],[23.314841,41.799587],[23.314995,41.799712],[23.315326,41.799948],[23.315403,41.800008],[23.315663,41.800178],[23.315738,41.80024],[23.316082,41.80054],[23.316497,41.800881],[23.31656,41.800941],[23.316612,41.801004],[23.316694,41.801132],[23.316726,41.801197],[23.31675,41.801262],[23.316757,41.801325],[23.316752,41.801392],[23.316735,41.801457],[23.316677,41.801591],[23.316407,41.80212],[23.316349,41.802255],[23.3163,41.802378],[23.316259,41.802503],[23.316247,41.802564],[23.316252,41.802627],[23.316274,41.80269],[23.316312,41.802757],[23.316445,41.802963],[23.316635,41.803239],[23.316724,41.803384],[23.316796,41.803521],[23.316823,41.803592],[23.31684,41.803666],[23.316849,41.803734],[23.316856,41.803879],[23.316859,41.804099],[23.316866,41.804173],[23.31688,41.804245],[23.316902,41.804321],[23.31701,41.804628],[23.317082,41.804858],[23.317114,41.804933],[23.317186,41.805091],[23.317316,41.805309],[23.317473,41.805606],[23.317653,41.806014],[23.317694,41.806142],[23.317725,41.806265],[23.317759,41.806422],[23.317776,41.806554],[23.317327,41.806618],[23.316871,41.806708],[23.316536,41.806782],[23.316083,41.806916],[23.315731,41.807006],[23.315482,41.807061],[23.315255,41.807117],[23.314664,41.807249],[23.314194,41.807339],[23.314064,41.807356],[23.313729,41.807414],[23.313598,41.807434],[23.313109,41.807488],[23.312986,41.807504],[23.31287,41.807523],[23.312385,41.807619],[23.312011,41.807682],[23.311421,41.807791],[23.311184,41.807842],[23.311071,41.807871],[23.31097,41.807901],[23.310762,41.807977],[23.310656,41.808022],[23.310361,41.808157],[23.310154,41.80826],[23.309966,41.808372],[23.309662,41.808537],[23.309479,41.808653],[23.309392,41.808714],[23.309148,41.808898],[23.308757,41.80918],[23.308692,41.809221],[23.308562,41.809282],[23.308499,41.809328],[23.308441,41.809396],[23.308349,41.809531],[23.308272,41.809681],[23.308075,41.809985],[23.308043,41.810081],[23.308,41.810187],[23.307935,41.81037],[23.307893,41.810496],[23.307855,41.810635],[23.307831,41.810702],[23.307785,41.81091],[23.307763,41.811129],[23.307736,41.81128],[23.307673,41.811501],[23.307622,41.811643],[23.307451,41.812004],[23.307327,41.812299],[23.307233,41.812604],[23.307199,41.812757],[23.30719,41.812833],[23.307187,41.812983],[23.307201,41.813234],[23.307201,41.813348],[23.307181,41.813599],[23.307164,41.813704],[23.307118,41.813921],[23.307016,41.814293],[23.306949,41.814493],[23.306884,41.814712],[23.306862,41.814746],[23.306838,41.814853],[23.306796,41.815001],[23.306782,41.815075],[23.306774,41.815145],[23.306774,41.815218],[23.306786,41.815371],[23.306776,41.815729],[23.306788,41.815872],[23.306817,41.816013],[23.306877,41.816201],[23.306938,41.816246],[23.306807,41.816282],[23.306771,41.816304],[23.306752,41.816322],[23.30666,41.816318],[23.30592,41.816316],[23.305749,41.816306],[23.305751,41.816474],[23.305768,41.816579],[23.305823,41.816762],[23.306266,41.817886],[23.306435,41.81838],[23.306527,41.818676],[23.306697,41.819015],[23.306747,41.819128],[23.306902,41.819546],[23.306978,41.819772],[23.307115,41.820205],[23.307118,41.820241],[23.307183,41.820429],[23.307221,41.820558],[23.307364,41.821106],[23.307457,41.821346],[23.307519,41.821547],[23.307635,41.82179],[23.307826,41.822316],[23.307871,41.822428],[23.307955,41.82261],[23.308023,41.82272],[23.308169,41.822924],[23.308231,41.823026],[23.30844,41.823418],[23.308514,41.823516],[23.308589,41.8236],[23.308889,41.823824],[23.308994,41.823909],[23.309225,41.824076],[23.309534,41.824308],[23.309637,41.824394],[23.309738,41.824485],[23.309813,41.824587],[23.309921,41.824765],[23.31005,41.825066],[23.310242,41.825455],[23.310182,41.825461],[23.310035,41.8255],[23.3099,41.82555],[23.309696,41.825653],[23.309385,41.825809],[23.309055,41.825975],[23.308785,41.826116],[23.308534,41.826249],[23.308224,41.826425],[23.3081,41.826521],[23.308033,41.826582],[23.307961,41.826663],[23.307848,41.826824],[23.307795,41.826927],[23.307734,41.827034],[23.30763,41.827252],[23.307528,41.827437],[23.307417,41.827529],[23.307181,41.827693],[23.307081,41.827783],[23.306934,41.827975],[23.306866,41.828076],[23.30682,41.828184],[23.306798,41.828306],[23.306793,41.828418],[23.306798,41.828602],[23.306812,41.828706],[23.306841,41.828803],[23.306882,41.828896],[23.306913,41.828991],[23.306905,41.829172],[23.306857,41.829261],[23.306777,41.829344],[23.306562,41.829496],[23.306369,41.829616],[23.30628,41.829687],[23.306212,41.829768],[23.306173,41.829867],[23.30618,41.829965],[23.306329,41.83034],[23.306338,41.830432],[23.306316,41.830514],[23.306168,41.830625],[23.305916,41.830691],[23.305778,41.830721],[23.305655,41.830763],[23.305473,41.830877],[23.305386,41.830958],[23.305237,41.831119],[23.305156,41.83119],[23.305042,41.83132],[23.304987,41.831412],[23.304946,41.831498],[23.304929,41.831583],[23.304968,41.831665],[23.305118,41.831787],[23.305231,41.831847],[23.305344,41.83192],[23.305435,41.83199],[23.305517,41.832062],[23.305613,41.832197],[23.305642,41.832275],[23.305632,41.832344],[23.305577,41.832403],[23.305478,41.832446],[23.305253,41.832466],[23.305005,41.832454],[23.304891,41.832468],[23.304778,41.832498],[23.304662,41.832612],[23.304638,41.832699],[23.304638,41.832785],[23.304677,41.832949],[23.304736,41.833112],[23.304848,41.833304],[23.304931,41.833474],[23.304983,41.833618],[23.304986,41.83372],[23.304974,41.833745],[23.304925,41.833754],[23.304853,41.833748],[23.304624,41.833653],[23.304556,41.833632],[23.304498,41.833633],[23.304464,41.833669],[23.304459,41.833787],[23.304469,41.833852],[23.304454,41.833909],[23.304406,41.83395],[23.304329,41.83397],[23.304177,41.833928],[23.304055,41.83385],[23.304006,41.833863],[23.303968,41.83392],[23.303918,41.834007],[23.303865,41.834031],[23.303796,41.834018],[23.303743,41.833964],[23.303716,41.833886],[23.303691,41.833743],[23.303625,41.833654],[23.303548,41.833586],[23.30338,41.833453],[23.303212,41.833385],[23.303088,41.833379],[23.302975,41.83339],[23.302759,41.833433],[23.302555,41.833467],[23.302452,41.833468],[23.302367,41.833441],[23.302309,41.833391],[23.302295,41.833318],[23.302316,41.83321],[23.302301,41.833156],[23.302261,41.833105],[23.302204,41.833063],[23.302126,41.833041],[23.302006,41.833077],[23.301878,41.833204],[23.301806,41.833263],[23.301721,41.833304],[23.301532,41.833332],[23.301412,41.833312],[23.3013,41.833267],[23.301184,41.833202],[23.301056,41.833115],[23.300694,41.832884],[23.300454,41.832743],[23.300345,41.832676],[23.300163,41.832593],[23.300062,41.832571],[23.299964,41.83256],[23.299803,41.832558],[23.299711,41.832547],[23.299642,41.832528],[23.299649,41.832578],[23.299677,41.832702],[23.299701,41.832788],[23.299758,41.832961],[23.299779,41.833057],[23.299765,41.833233],[23.29978,41.833311],[23.299779,41.833397],[23.299758,41.833477],[23.299668,41.8336],[23.299605,41.833669],[23.299545,41.833747],[23.299508,41.833831],[23.299491,41.833915],[23.299488,41.834062],[23.299461,41.83425],[23.299463,41.834451],[23.299497,41.834629],[23.299594,41.834907],[23.299663,41.835061],[23.299801,41.835333],[23.299992,41.835599],[23.300088,41.835749],[23.300124,41.835825],[23.300047,41.835843],[23.299933,41.835862],[23.299829,41.835889],[23.299576,41.835933],[23.299379,41.835956],[23.299192,41.835971],[23.299066,41.835989],[23.299002,41.836023],[23.298934,41.836077],[23.298821,41.836199],[23.298656,41.836307],[23.298578,41.836339],[23.298473,41.83638],[23.298333,41.836409],[23.298188,41.836422],[23.298031,41.836416],[23.297391,41.836215],[23.297396,41.836166],[23.297393,41.835984],[23.297384,41.835898],[23.29735,41.835742],[23.29729,41.835713],[23.29718,41.835668],[23.297067,41.835626],[23.296638,41.835487],[23.296406,41.835432],[23.296281,41.835408],[23.296142,41.835392],[23.295919,41.835372],[23.295789,41.83537],[23.295654,41.835375],[23.295531,41.835393],[23.29542,41.835427],[23.295236,41.835519],[23.295137,41.835586],[23.295043,41.835658],[23.294958,41.835738],[23.294834,41.835866],[23.294738,41.835959],[23.29468,41.836036],[23.29466,41.836117],[23.29468,41.8362],[23.294711,41.836284],[23.294718,41.83642],[23.294679,41.836479],[23.294666,41.836492],[23.294613,41.836534],[23.294531,41.836559],[23.294392,41.83658],[23.294212,41.836598],[23.294107,41.836618],[23.294021,41.83665],[23.293952,41.836695],[23.293924,41.836738],[23.294,41.836824],[23.294072,41.836892],[23.294147,41.836973],[23.294212,41.837054],[23.29427,41.837139],[23.294331,41.837264],[23.294329,41.837316],[23.294283,41.837347],[23.294202,41.837354],[23.294125,41.837337],[23.293845,41.83729],[23.293631,41.837189],[23.293332,41.837037],[23.293183,41.836993],[23.293103,41.836979],[23.293002,41.836982],[23.292906,41.83702],[23.292772,41.837153],[23.292738,41.837242],[23.292738,41.837494],[23.292833,41.837728],[23.292883,41.838034],[23.292888,41.83813],[23.292854,41.838293],[23.292806,41.838377],[23.292731,41.838439],[23.292622,41.838474],[23.2925,41.838504],[23.292269,41.838533],[23.292149,41.838536],[23.29203,41.838545],[23.291418,41.838626],[23.29131,41.838646],[23.291182,41.838699],[23.291028,41.838565],[23.290779,41.838318],[23.290596,41.838151],[23.290303,41.837915],[23.290188,41.837842],[23.289967,41.837691],[23.289216,41.837086],[23.289009,41.836915],[23.288909,41.836825],[23.288449,41.836386],[23.288359,41.836307],[23.288179,41.836167],[23.288071,41.836247],[23.287859,41.836432],[23.287457,41.83684],[23.287151,41.837102],[23.28705,41.837181],[23.286877,41.837282],[23.286766,41.837307],[23.286646,41.837311],[23.286193,41.837281],[23.286084,41.837288],[23.285985,41.837323],[23.285812,41.837439],[23.285654,41.837532],[23.285575,41.837573],[23.285493,41.837588],[23.285412,41.837566],[23.285338,41.837526],[23.285225,41.837454],[23.285152,41.837436],[23.285083,41.837466],[23.285023,41.837531],[23.284863,41.837752],[23.284791,41.837831],[23.2847,41.837896],[23.284604,41.837939],[23.284503,41.837961],[23.284324,41.837957],[23.284238,41.837944],[23.284159,41.837926],[23.284089,41.837903],[23.28403,41.837879],[23.283982,41.837849],[23.283972,41.837835],[23.284018,41.837754],[23.284061,41.837635],[23.284124,41.837398],[23.284049,41.83741],[23.283965,41.837449],[23.283742,41.837562],[23.283614,41.837609],[23.28337,41.837674],[23.282789,41.837733],[23.282683,41.837755],[23.282388,41.837868],[23.282263,41.837895],[23.282133,41.837902],[23.282005,41.837897],[23.281887,41.837877],[23.281701,41.837852],[23.281609,41.837869],[23.281528,41.837905],[23.281469,41.837957],[23.281401,41.838066],[23.281099,41.838398],[23.280895,41.838557],[23.280779,41.838641],[23.280658,41.838718],[23.280423,41.838817],[23.280138,41.838905],[23.280034,41.838957],[23.279971,41.839022],[23.279916,41.839165],[23.279836,41.839544],[23.279814,41.839697],[23.279811,41.839786],[23.279815,41.839958],[23.27981,41.840044],[23.279752,41.840201],[23.279691,41.840302],[23.279606,41.840409],[23.279408,41.840624],[23.279189,41.84081],[23.279031,41.840899],[23.278876,41.840968],[23.278581,41.841096],[23.278322,41.841178],[23.278206,41.841223],[23.278078,41.841277],[23.277963,41.841344],[23.27788,41.841432],[23.277779,41.841632],[23.277705,41.84186],[23.27765,41.841978],[23.277585,41.842082],[23.277455,41.842255],[23.277388,41.842363],[23.277356,41.842463],[23.277358,41.842553],[23.2774,41.842636],[23.277544,41.842791],[23.277792,41.843113],[23.277889,41.84323],[23.278073,41.843433],[23.278332,41.843761],[23.278416,41.843861],[23.278529,41.844052],[23.278572,41.84416],[23.278601,41.844254],[23.27861,41.844359],[23.278603,41.844459],[23.278626,41.844631],[23.278689,41.844723],[23.278872,41.844879],[23.278959,41.844961],[23.279055,41.845078],[23.279101,41.845194],[23.279162,41.845282],[23.279208,41.845371],[23.279236,41.845461],[23.279243,41.845621],[23.279194,41.8457],[23.279095,41.845781],[23.278862,41.845865],[23.278632,41.845929],[23.278469,41.845963],[23.278334,41.845979],[23.278196,41.845984],[23.278044,41.84597],[23.277778,41.845928],[23.277665,41.845924],[23.277576,41.845953],[23.277513,41.846014],[23.277496,41.846089],[23.277476,41.84626],[23.277484,41.84637],[23.277528,41.846472],[23.277611,41.846574],[23.277709,41.846658],[23.277925,41.846775],[23.278079,41.84682],[23.278258,41.846864],[23.278502,41.846917],[23.278685,41.847005],[23.278735,41.847129],[23.278742,41.847172],[23.278742,41.847255],[23.278718,41.847338],[23.278572,41.847449],[23.278444,41.847474],[23.278314,41.847465],[23.278034,41.847394],[23.277763,41.847379],[23.27764,41.847411],[23.277527,41.847471],[23.277354,41.847577],[23.277105,41.847747],[23.277033,41.847799],[23.276979,41.847852],[23.276961,41.847929],[23.276944,41.848092],[23.276982,41.84808],[23.276992,41.848152],[23.276988,41.848238],[23.27696,41.848328],[23.27689,41.848417],[23.276694,41.848557],[23.276556,41.848621],[23.276106,41.848789],[23.275893,41.848873],[23.275831,41.848919],[23.275838,41.848966],[23.275893,41.849004],[23.276012,41.849035],[23.276349,41.849103],[23.276509,41.849132],[23.276672,41.849176],[23.276818,41.849227],[23.277115,41.849306],[23.277278,41.849331],[23.277808,41.849383],[23.278114,41.849438],[23.278262,41.849492],[23.278416,41.849557],[23.278567,41.849635],[23.278698,41.849727],[23.279032,41.850014],[23.279149,41.850124],[23.27924,41.85024],[23.279324,41.850361],[23.279501,41.850562],[23.279599,41.850654],[23.279734,41.850769],[23.28,41.850955],[23.28032,41.851138],[23.280444,41.851168],[23.280569,41.851184],[23.280699,41.851192],[23.281122,41.851267],[23.281226,41.851317],[23.281312,41.851372],[23.281373,41.851401],[23.28143,41.851438],[23.281581,41.851561],[23.281685,41.851683],[23.281716,41.851755],[23.281726,41.851827],[23.281716,41.8519],[23.281692,41.851958],[23.281453,41.852136],[23.281371,41.852263],[23.281356,41.852264],[23.281287,41.852284],[23.281205,41.85232],[23.281109,41.85243],[23.281095,41.852509],[23.281097,41.85257],[23.281123,41.852684],[23.281174,41.852759],[23.281244,41.852817],[23.281329,41.852871],[23.28142,41.852918],[23.281514,41.852936],[23.281745,41.852967],[23.281971,41.853005],[23.2821,41.853038],[23.28249,41.853154],[23.282716,41.85325],[23.282841,41.853317],[23.283049,41.853447],[23.283328,41.853649],[23.283405,41.853721],[23.283472,41.853795],[23.283524,41.853874],[23.283554,41.853953],[23.283554,41.854111],[23.28349,41.854465],[23.283406,41.85468],[23.283362,41.854776],[23.283351,41.854974],[23.283355,41.855115],[23.283332,41.855325],[23.283293,41.855607],[23.283298,41.8557],[23.283325,41.855787],[23.283529,41.856101],[23.28354,41.856182],[23.283523,41.85626],[23.283383,41.85647],[23.283357,41.856559],[23.283362,41.856647],[23.283436,41.856888],[23.283421,41.856974],[23.283387,41.857055],[23.283361,41.857135],[23.283353,41.857222],[23.28341,41.857463],[23.283406,41.857573],[23.283393,41.857643],[23.283355,41.857731],[23.283113,41.857988],[23.283001,41.858069],[23.282897,41.858128],[23.282722,41.858194],[23.282527,41.858234],[23.282443,41.858266],[23.282371,41.858311],[23.282298,41.858423],[23.282207,41.858716],[23.282132,41.858871],[23.281961,41.859124],[23.281915,41.859207],[23.281883,41.859348],[23.281912,41.859409],[23.281977,41.859457],[23.282155,41.859532],[23.282287,41.859607],[23.282333,41.859676],[23.282359,41.859757],[23.282394,41.85991],[23.282468,41.860034],[23.28254,41.860085],[23.282709,41.860157],[23.282776,41.860193],[23.282829,41.860287],[23.282812,41.860337],[23.282751,41.860381],[23.282591,41.860451],[23.282488,41.860541],[23.282452,41.860593],[23.282458,41.860635],[23.282493,41.860661],[23.282556,41.860665],[23.282823,41.860544],[23.282913,41.86053],[23.283162,41.860507],[23.283242,41.86048],[23.283398,41.86039],[23.283488,41.860345],[23.283649,41.860272],[23.283741,41.860243],[23.283823,41.860234],[23.283902,41.860241],[23.283986,41.860256],[23.284135,41.860272],[23.284219,41.860272],[23.284295,41.860256],[23.284369,41.860235],[23.284459,41.860226],[23.284617,41.860224],[23.284713,41.860228],[23.28474,41.86023],[23.284762,41.860248],[23.28475,41.860273],[23.284641,41.860305],[23.284386,41.860332],[23.284299,41.860372],[23.284273,41.860411],[23.284277,41.860451],[23.284316,41.860476],[23.284553,41.860478],[23.284552,41.860524],[23.284534,41.860561],[23.284497,41.860615],[23.284488,41.860689],[23.284521,41.860716],[23.284565,41.860726],[23.284772,41.860675],[23.284808,41.860685],[23.284822,41.860721],[23.284805,41.860774],[23.284771,41.860824],[23.284689,41.860883],[23.284617,41.860891],[23.284516,41.860883],[23.284093,41.860805],[23.284028,41.860818],[23.283985,41.860855],[23.283958,41.860905],[23.283974,41.860983],[23.284021,41.861019],[23.284181,41.861084],[23.284253,41.861124],[23.284356,41.861257],[23.28458,41.861404],[23.284596,41.861435],[23.284627,41.86154],[23.28462,41.861573],[23.284582,41.861632],[23.284466,41.861715],[23.284446,41.861784],[23.284489,41.861819],[23.284556,41.861845],[23.284633,41.861859],[23.284707,41.861863],[23.284819,41.861841],[23.284857,41.861812],[23.28493,41.861678],[23.284983,41.861652],[23.285055,41.861652],[23.28508,41.861695],[23.285056,41.86183],[23.28504,41.861962],[23.28503,41.86234],[23.285056,41.862366],[23.285095,41.862366],[23.285133,41.862351],[23.285167,41.86233],[23.285247,41.862321],[23.285294,41.862339],[23.285325,41.862375],[23.285332,41.862416],[23.285312,41.862445],[23.285208,41.862469],[23.285138,41.862477],[23.285085,41.862501],[23.284981,41.862562],[23.284862,41.862578],[23.28479,41.862576],[23.284733,41.862561],[23.284635,41.862471],[23.284528,41.862406],[23.284461,41.862393],[23.284386,41.862399],[23.28423,41.862424],[23.284116,41.862485],[23.28408,41.86255],[23.284058,41.862624],[23.284056,41.862692],[23.28407,41.862757],[23.284128,41.862853],[23.284152,41.862903],[23.284154,41.862955],[23.284147,41.862998],[23.284159,41.863033],[23.284233,41.86307],[23.28432,41.8631],[23.284343,41.863123],[23.28434,41.863157],[23.284153,41.863265],[23.284133,41.863315],[23.284152,41.863371],[23.284171,41.863461],[23.284146,41.863511],[23.284019,41.863646],[23.284011,41.863733],[23.28404,41.863818],[23.284045,41.863852],[23.284032,41.863882],[23.283953,41.863898],[23.283888,41.863884],[23.283829,41.863864],[23.283676,41.863804],[23.283623,41.863947],[23.283758,41.864037],[23.283804,41.864082],[23.283816,41.864132],[23.28375,41.864212],[23.283497,41.864303],[23.283422,41.864346],[23.28333,41.864433],[23.28329,41.864485],[23.283248,41.864548],[23.283214,41.864611],[23.283197,41.864654],[23.2832,41.864728],[23.283232,41.864782],[23.283252,41.8648],[23.283108,41.864896],[23.283019,41.864964],[23.28284,41.865088],[23.282753,41.86514],[23.282659,41.865189],[23.282464,41.865278],[23.282187,41.8654],[23.282081,41.86544],[23.281958,41.865491],[23.282032,41.865546],[23.282138,41.865604],[23.28226,41.865628],[23.282628,41.865608],[23.282873,41.865632],[23.283117,41.86568],[23.28333,41.865762],[23.283559,41.865844],[23.283818,41.865926],[23.284062,41.865985],[23.284809,41.866151],[23.285145,41.866234],[23.285441,41.866322],[23.285508,41.866327],[23.285552,41.866279],[23.285593,41.866207],[23.285632,41.866184],[23.285687,41.866175],[23.285834,41.866169],[23.285913,41.866155],[23.285978,41.86613],[23.286022,41.866099],[23.286046,41.866062],[23.286056,41.866015],[23.286033,41.865846],[23.286033,41.8658],[23.28605,41.865765],[23.286081,41.865738],[23.286127,41.865719],[23.286187,41.865702],[23.28624,41.865693],[23.28626,41.865699],[23.286318,41.865694],[23.286399,41.865708],[23.286414,41.865744],[23.286579,41.865769],[23.286819,41.865767],[23.286961,41.865755],[23.287374,41.865654],[23.287886,41.865572],[23.288139,41.865506],[23.288447,41.865403],[23.288666,41.865302],[23.288936,41.865187],[23.289012,41.86514],[23.289065,41.865093],[23.289072,41.865042],[23.289034,41.86499],[23.288945,41.864889],[23.288933,41.86483],[23.288964,41.864767],[23.289029,41.864704],[23.289114,41.864659],[23.28929,41.864638],[23.289396,41.864665],[23.2895,41.864698],[23.289688,41.864768],[23.289836,41.864804],[23.289898,41.864795],[23.289946,41.864753],[23.289975,41.864694],[23.289993,41.864629],[23.290012,41.864499],[23.290018,41.864358],[23.290039,41.864292],[23.290088,41.864236],[23.290225,41.864185],[23.29031,41.864187],[23.290466,41.864216],[23.290527,41.864201],[23.290563,41.864104],[23.290541,41.864048],[23.290512,41.864003],[23.290517,41.863955],[23.290553,41.86391],[23.290664,41.863888],[23.29072,41.863903],[23.290877,41.864054],[23.291024,41.86411],[23.291211,41.864169],[23.291289,41.864182],[23.291362,41.864181],[23.291477,41.864121],[23.291517,41.864064],[23.291541,41.863962],[23.292058,41.864399],[23.29214,41.86448],[23.292297,41.864646],[23.292638,41.865044],[23.292917,41.865358],[23.293129,41.865522],[23.293331,41.865665],[23.293969,41.866168],[23.294286,41.8665],[23.294447,41.866696],[23.294663,41.866894],[23.294778,41.866991],[23.295095,41.867236],[23.295352,41.867422],[23.295463,41.867517],[23.295563,41.867618],[23.295817,41.867914],[23.296041,41.868137],[23.296159,41.868233],[23.296716,41.86863],[23.297276,41.869061],[23.297401,41.869168],[23.297465,41.86923],[23.297708,41.86943],[23.297979,41.869626],[23.298077,41.869684],[23.298274,41.869813],[23.298404,41.869913],[23.298498,41.870002],[23.298749,41.870314],[23.298865,41.870481],[23.299106,41.870891],[23.299195,41.870964],[23.299543,41.871154],[23.299978,41.871424],[23.30083,41.87192],[23.301371,41.872311],[23.30162,41.872472],[23.301752,41.872548],[23.302084,41.87271],[23.3022,41.872771],[23.302305,41.87284],[23.302579,41.873046],[23.302788,41.87319],[23.302889,41.873275],[23.303124,41.873503],[23.303196,41.873592],[23.303335,41.873786],[23.303398,41.873881],[23.30356,41.874161],[23.303738,41.874451],[23.303917,41.874716],[23.304097,41.874999],[23.304311,41.875275],[23.304364,41.875364],[23.3045,41.875563],[23.304541,41.875644],[23.304575,41.875731],[23.304586,41.87588],[23.304569,41.876049],[23.304533,41.87613],[23.304378,41.87633],[23.304359,41.876468],[23.30443,41.876568],[23.304492,41.876634],[23.304841,41.87697],[23.305045,41.877154],[23.305094,41.877209],[23.305222,41.877381],[23.305258,41.87738],[23.305392,41.877449],[23.305391,41.877545],[23.305554,41.87769],[23.305626,41.877766],[23.305681,41.877871],[23.305733,41.877927],[23.305873,41.878053],[23.30611,41.878309],[23.306182,41.878397],[23.306316,41.878495],[23.306472,41.878633],[23.306533,41.878669],[23.306771,41.878765],[23.306999,41.878814],[23.307142,41.878825],[23.307427,41.878827],[23.30763,41.87882],[23.307729,41.878586],[23.30753,41.877726],[23.307704,41.876972],[23.307641,41.876624],[23.308143,41.876559],[23.307804,41.876181],[23.307877,41.876167],[23.308291,41.876167],[23.308314,41.876068],[23.308271,41.875975],[23.308214,41.875903],[23.307984,41.875743],[23.307902,41.875694],[23.307908,41.875606],[23.307892,41.875423],[23.307892,41.875068],[23.307847,41.874873],[23.307708,41.874553],[23.307647,41.874381],[23.307509,41.874175],[23.307325,41.873843],[23.307222,41.873486],[23.307159,41.873212],[23.307011,41.872661],[23.306845,41.87234],[23.306572,41.872052],[23.306538,41.872007],[23.306941,41.871957],[23.306163,41.870328],[23.306266,41.870263],[23.306358,41.870172],[23.306451,41.870047],[23.306528,41.869932],[23.306529,41.86984],[23.306834,41.869865],[23.307293,41.869889],[23.307537,41.869925],[23.307721,41.86996],[23.307858,41.870018],[23.308056,41.87011],[23.3083,41.87018],[23.308545,41.870181],[23.308712,41.87025],[23.30891,41.870366],[23.309047,41.870515],[23.309106,41.870664],[23.309151,41.870859],[23.309165,41.871031],[23.309194,41.871215],[23.309269,41.871376],[23.309359,41.871525],[23.309679,41.871767],[23.31012,41.872067],[23.310424,41.872263],[23.310698,41.872436],[23.310941,41.872528],[23.311581,41.872851],[23.31184,41.873013],[23.311992,41.873162],[23.312462,41.873543],[23.312767,41.873716],[23.313072,41.873866],[23.31327,41.87397],[23.313483,41.874028],[23.313696,41.874143],[23.313757,41.874167],[23.314001,41.874294],[23.314169,41.874375],[23.314458,41.874536],[23.314732,41.874709],[23.314853,41.874801],[23.315525,41.874953],[23.315774,41.875014],[23.316151,41.87507],[23.316321,41.875065],[23.316518,41.874991],[23.316626,41.8749],[23.316735,41.874729],[23.316827,41.874603],[23.316859,41.874523],[23.316859,41.874465],[23.31687,41.874424],[23.316895,41.874415],[23.316924,41.874413],[23.31701,41.874441],[23.317073,41.874455],[23.317307,41.874464],[23.317556,41.874478],[23.317777,41.87448],[23.318006,41.874436],[23.318175,41.874367],[23.318359,41.874311],[23.318635,41.874163],[23.318774,41.874015],[23.31899,41.873844],[23.319206,41.873615],[23.319451,41.873467],[23.319835,41.873354],[23.319973,41.873309],[23.320052,41.87329],[23.320244,41.873264],[23.320461,41.873391],[23.320583,41.873477],[23.32092,41.873382],[23.321304,41.873211],[23.321549,41.873098],[23.321902,41.872985],[23.322187,41.872956],[23.32233,41.872975],[23.322651,41.873068],[23.323124,41.873184],[23.323464,41.873274],[23.323872,41.873336],[23.324285,41.873338],[23.324835,41.873291],[23.32528,41.873204],[23.325586,41.873091],[23.325968,41.872902],[23.326,41.872835],[23.32599,41.872782],[23.325932,41.872721],[23.32631,41.872463],[23.326786,41.872156],[23.327279,41.871757],[23.327709,41.87146],[23.328093,41.871256],[23.328263,41.871119],[23.328616,41.870879],[23.329752,41.870265],[23.330106,41.870015],[23.33049,41.869775],[23.330827,41.86965],[23.331364,41.869412],[23.331656,41.869264],[23.332071,41.869071],[23.332791,41.868753],[23.33339,41.868469],[23.33376,41.868104],[23.334144,41.867807],[23.334498,41.867568],[23.334743,41.867477],[23.33502,41.867318],[23.335632,41.867171],[23.336398,41.867071],[23.336689,41.866958],[23.33724,41.866822],[23.337624,41.866686],[23.337901,41.866435],[23.337857,41.866217],[23.337842,41.86608],[23.337874,41.865954],[23.337966,41.865874],[23.338196,41.865772],[23.338228,41.865646],[23.338213,41.865565],[23.338367,41.865509],[23.338565,41.865567],[23.338686,41.865739],[23.338731,41.865888],[23.338836,41.866026],[23.338856,41.866017],[23.338866,41.866006],[23.338878,41.865898],[23.339009,41.865947],[23.339036,41.865935],[23.339102,41.865935],[23.339173,41.865959],[23.339177,41.865775],[23.339166,41.86557],[23.339111,41.865403],[23.339056,41.865316],[23.338971,41.865214],[23.338874,41.865144],[23.338725,41.865062],[23.338082,41.864774],[23.337716,41.864555],[23.337138,41.864232],[23.336885,41.864049],[23.336682,41.863887],[23.336166,41.863438],[23.335786,41.863024],[23.335544,41.862725],[23.335533,41.862718],[23.335638,41.862519],[23.335608,41.862427],[23.335425,41.862301],[23.335273,41.862185],[23.335106,41.862105],[23.334999,41.862035],[23.334877,41.861944],[23.334786,41.861897],[23.334664,41.861816],[23.334619,41.861736],[23.334604,41.86169],[23.334544,41.86161],[23.33462,41.861576],[23.334744,41.861427],[23.334806,41.86129],[23.334838,41.861153],[23.334839,41.861027],[23.334794,41.860877],[23.334704,41.860705],[23.334582,41.860544],[23.334492,41.860407],[23.334449,41.859994],[23.334407,41.859501],[23.334393,41.859375],[23.334333,41.85918],[23.334336,41.858825],[23.334279,41.858725],[23.33444,41.858348],[23.334446,41.858344],[23.334645,41.858345],[23.334813,41.858334],[23.334936,41.858334],[23.335068,41.858239],[23.335196,41.858188],[23.335436,41.858141],[23.335518,41.85812],[23.335412,41.857981],[23.335261,41.857797],[23.335079,41.85759],[23.334943,41.857383],[23.334839,41.857051],[23.33481,41.856707],[23.334924,41.855882],[23.334957,41.855584],[23.334958,41.855431],[23.335028,41.855136],[23.335022,41.855081],[23.335118,41.85506],[23.335236,41.855013],[23.335298,41.854944],[23.335333,41.854852],[23.335141,41.854643],[23.335065,41.854481],[23.33528,41.854355],[23.335372,41.854321],[23.335387,41.854367],[23.335517,41.854662],[23.335589,41.854888],[23.33574,41.855164],[23.335952,41.855451],[23.336162,41.855864],[23.336331,41.856356],[23.336419,41.856335],[23.336533,41.856357],[23.336754,41.856451],[23.337235,41.856613],[23.337563,41.856683],[23.338447,41.856777],[23.338769,41.856806],[23.339167,41.856827],[23.339458,41.856759],[23.339512,41.85675],[23.339565,41.856713],[23.339448,41.856606],[23.33932,41.856468],[23.339335,41.856399],[23.339445,41.856472],[23.339688,41.856657],[23.339977,41.856853],[23.340128,41.856991],[23.340418,41.857084],[23.340785,41.857119],[23.341197,41.857132],[23.341595,41.857099],[23.341882,41.857107],[23.342267,41.857159],[23.342565,41.857234],[23.343163,41.857411],[23.343591,41.857605],[23.343821,41.857674],[23.344402,41.857869],[23.344937,41.858155],[23.34535,41.85843],[23.345564,41.858762],[23.345672,41.859083],[23.345885,41.85994],[23.346053,41.860466],[23.346237,41.860992],[23.346497,41.861586],[23.346695,41.861964],[23.346862,41.862193],[23.34691,41.862078],[23.346956,41.861987],[23.347154,41.861656],[23.347216,41.86153],[23.347323,41.861381],[23.34743,41.861244],[23.347568,41.861142],[23.34769,41.861039],[23.347828,41.860913],[23.347996,41.860787],[23.348379,41.860536],[23.348516,41.860354],[23.348669,41.860205],[23.348776,41.860091],[23.34893,41.859954],[23.349143,41.859908],[23.349297,41.859897],[23.34948,41.859908],[23.349603,41.859897],[23.349725,41.85984],[23.349817,41.859771],[23.34997,41.859634],[23.350077,41.859532],[23.350153,41.859474],[23.350291,41.859338],[23.350398,41.859223],[23.350643,41.859006],[23.350766,41.858881],[23.350857,41.858801],[23.350995,41.858663],[23.351148,41.858538],[23.351454,41.858309],[23.351561,41.858195],[23.351699,41.858012],[23.351837,41.857875],[23.352051,41.857738],[23.352296,41.857567],[23.352678,41.857373],[23.353045,41.857145],[23.353397,41.856882],[23.353444,41.856824],[23.353559,41.856633],[23.35373,41.856397],[23.354009,41.856036],[23.354101,41.855888],[23.354279,41.855569],[23.354416,41.855336],[23.354641,41.855088],[23.354694,41.855021],[23.354767,41.85504],[23.354852,41.855039],[23.355879,41.85499],[23.355998,41.855135],[23.356059,41.855181],[23.356227,41.855238],[23.356426,41.855261],[23.356564,41.855261],[23.356671,41.855284],[23.356793,41.855319],[23.356839,41.855376],[23.356885,41.85549],[23.356976,41.855604],[23.357084,41.855684],[23.357175,41.855742],[23.357278,41.855798],[23.357382,41.855831],[23.357711,41.855811],[23.357803,41.855799],[23.357925,41.855765],[23.358078,41.8558],[23.358185,41.855834],[23.358338,41.855937],[23.35843,41.855983],[23.358598,41.856052],[23.358782,41.856109],[23.358904,41.856098],[23.359088,41.856052],[23.359286,41.855995],[23.359455,41.855915],[23.35973,41.855755],[23.360036,41.855561],[23.360311,41.855447],[23.360464,41.855378],[23.360709,41.85523],[23.360938,41.855287],[23.361153,41.855322],[23.361382,41.855333],[23.361673,41.855334],[23.361841,41.855322],[23.362055,41.8553],[23.362575,41.855174],[23.362897,41.855151],[23.363095,41.855117],[23.363156,41.855175],[23.363187,41.855346],[23.363141,41.855437],[23.363095,41.855575],[23.36305,41.855655],[23.363049,41.855758],[23.363218,41.855838],[23.363309,41.855861],[23.363355,41.855929],[23.36331,41.856066],[23.363354,41.856142],[23.36386,41.856158],[23.364058,41.856178],[23.36412,41.85617],[23.36412,41.856136],[23.364105,41.856055],[23.36409,41.856021],[23.364094,41.855958],[23.36412,41.855907],[23.364175,41.855894],[23.364243,41.855896],[23.364319,41.85593],[23.364457,41.856067],[23.3645,41.856057],[23.364564,41.856022],[23.364573,41.855972],[23.364564,41.855896],[23.364601,41.855877],[23.364701,41.855862],[23.364748,41.855869],[23.364797,41.855885],[23.36487,41.855919],[23.36496,41.85592],[23.365038,41.855908],[23.365145,41.855862],[23.365298,41.855759],[23.365684,41.855588],[23.365787,41.855542],[23.366017,41.855451],[23.366277,41.855337],[23.366506,41.855257],[23.366543,41.855208],[23.36656,41.855126],[23.366507,41.855063],[23.36645,41.855056],[23.366216,41.855108],[23.366056,41.855083],[23.365895,41.855035],[23.365798,41.854909],[23.365715,41.854782],[23.365734,41.854715],[23.365793,41.854646],[23.365963,41.854544],[23.366143,41.854408],[23.366392,41.854392],[23.366837,41.85447],[23.366913,41.854539],[23.366949,41.854552],[23.367005,41.854551],[23.367033,41.854527],[23.367098,41.854415],[23.367254,41.854256],[23.367441,41.853971],[23.367615,41.853629],[23.367675,41.85356],[23.367784,41.853528],[23.367892,41.853509],[23.367999,41.853529],[23.368413,41.853685],[23.368506,41.853658],[23.368587,41.853616],[23.368704,41.8535],[23.368836,41.853342],[23.368953,41.85317],[23.368986,41.852976],[23.369248,41.85292],[23.369604,41.852614],[23.369791,41.852387],[23.369839,41.852261],[23.369873,41.851941],[23.369937,41.851747],[23.370093,41.851565],[23.370354,41.851522],[23.370659,41.851569],[23.370859,41.851582],[23.371348,41.851666],[23.371747,41.851599],[23.371841,41.85144],[23.37192,41.851269],[23.372028,41.851179],[23.372211,41.851203],[23.372728,41.851538],[23.373022,41.851581],[23.373302,41.851581],[23.373646,41.851544],[23.373832,41.851431],[23.374048,41.851261],[23.374242,41.850942],[23.374347,41.850657],[23.374382,41.85036],[23.374463,41.850006],[23.374501,41.849492],[23.374582,41.849195],[23.374617,41.848864],[23.374615,41.848729],[23.37471,41.848733],[23.374794,41.848758],[23.37528,41.848987],[23.375506,41.849084],[23.375766,41.849219],[23.375979,41.849289],[23.376081,41.849314],[23.376239,41.849336],[23.376453,41.84935],[23.376556,41.849368],[23.376736,41.849413],[23.377025,41.849557],[23.377239,41.849644],[23.377854,41.849874],[23.377983,41.849909],[23.378025,41.849872],[23.378059,41.849682],[23.37817,41.849551],[23.378252,41.849329],[23.378281,41.849078],[23.378263,41.848881],[23.378295,41.848757],[23.378311,41.848615],[23.378361,41.848414],[23.378412,41.848257],[23.378369,41.84803],[23.378359,41.847795],[23.378377,41.847569],[23.378494,41.847333],[23.378638,41.847179],[23.378794,41.847047],[23.378865,41.846964],[23.37886,41.846809],[23.378779,41.846681],[23.378709,41.846481],[23.378657,41.846381],[23.378549,41.846286],[23.378475,41.846229],[23.378338,41.846008],[23.377886,41.845467],[23.3776,41.845179],[23.377357,41.844983],[23.377056,41.84466],[23.376726,41.844278],[23.376392,41.843969],[23.376226,41.843851],[23.376122,41.843752],[23.375965,41.843635],[23.375773,41.843558],[23.375051,41.843306],[23.374545,41.843049],[23.374641,41.842937],[23.374678,41.842887],[23.374858,41.842973],[23.375015,41.843031],[23.375388,41.843166],[23.375568,41.843221],[23.375785,41.843324],[23.375869,41.843374],[23.376074,41.843482],[23.376266,41.843527],[23.376447,41.843541],[23.376724,41.843586],[23.377061,41.843604],[23.377278,41.843635],[23.377374,41.843662],[23.37788,41.843775],[23.377976,41.843807],[23.378289,41.843829],[23.378397,41.843843],[23.378494,41.84387],[23.378578,41.843924],[23.378782,41.844099],[23.37912,41.844325],[23.379252,41.844388],[23.379384,41.844428],[23.379517,41.844446],[23.379661,41.844451],[23.380046,41.844433],[23.380432,41.844424],[23.380649,41.844393],[23.380817,41.844361],[23.381046,41.844298],[23.381154,41.844258],[23.381287,41.844267],[23.381407,41.844294],[23.38154,41.84433],[23.381648,41.844384],[23.381804,41.844488],[23.381949,41.844605],[23.382256,41.844818],[23.382804,41.844925],[23.383008,41.844961],[23.383393,41.844965],[23.383538,41.844952],[23.383803,41.844934],[23.384609,41.844988],[23.384947,41.845002],[23.385079,41.84511],[23.38511,41.845125],[23.385404,41.845205],[23.388029,41.845939],[23.388186,41.845988],[23.38833,41.845606],[23.388426,41.84539],[23.388535,41.845232],[23.388679,41.845111],[23.388836,41.844868],[23.388944,41.844652],[23.389029,41.844454],[23.389095,41.844225],[23.389157,41.844267],[23.389173,41.844206],[23.389185,41.844089],[23.389173,41.843864],[23.389146,41.843683],[23.389119,41.843646],[23.38909,41.843617],[23.38916,41.843531],[23.389333,41.843167],[23.389506,41.842836],[23.389724,41.842552],[23.389818,41.842358],[23.389886,41.842243],[23.389972,41.842128],[23.390265,41.841954],[23.390448,41.841885],[23.390708,41.84177],[23.390937,41.841655],[23.391135,41.84154],[23.391501,41.841207],[23.391807,41.841046],[23.392204,41.840827],[23.392341,41.840689],[23.392383,41.840498],[23.39233,41.840444],[23.392281,41.840381],[23.392715,41.840313],[23.393377,41.840318],[23.394027,41.840435],[23.394316,41.840377],[23.394773,41.840228],[23.395183,41.840174],[23.395664,41.840098],[23.396074,41.840039],[23.396688,41.840066],[23.397133,41.840071],[23.397687,41.840085],[23.397892,41.839959],[23.397952,41.839855],[23.397928,41.839554],[23.397952,41.83941],[23.398024,41.839311],[23.398169,41.839256],[23.398313,41.839324],[23.398337,41.839464],[23.398337,41.839662],[23.398398,41.839851],[23.39847,41.839972],[23.398578,41.840071],[23.398987,41.840022],[23.399235,41.840009],[23.399687,41.839925],[23.399842,41.8399],[23.399891,41.839599],[23.400107,41.839014],[23.4002,41.838495],[23.400299,41.838443],[23.400409,41.838351],[23.400616,41.838195],[23.400672,41.837774],[23.400655,41.837488],[23.400503,41.837219],[23.400505,41.83688],[23.400433,41.836592],[23.400313,41.836389],[23.400566,41.836376],[23.400734,41.836335],[23.401011,41.836236],[23.401336,41.83616],[23.401649,41.836092],[23.402119,41.835935],[23.402311,41.8358],[23.40254,41.835521],[23.402709,41.83535],[23.402925,41.835278],[23.40307,41.835251],[23.403479,41.835183],[23.403804,41.835165],[23.404069,41.835111],[23.404238,41.835125],[23.404274,41.835179],[23.404382,41.835193],[23.405165,41.834468],[23.40566,41.833889],[23.406167,41.833917],[23.406668,41.833932],[23.407464,41.833933],[23.408176,41.833977],[23.408519,41.834117],[23.408762,41.83434],[23.408995,41.83444],[23.409277,41.83446],[23.409918,41.834482],[23.410377,41.834426],[23.410344,41.834316],[23.409865,41.833978],[23.409198,41.833533],[23.40868,41.833],[23.407815,41.832651],[23.407874,41.832084],[23.408049,41.831384],[23.407205,41.830751],[23.406261,41.830187],[23.406261,41.829741],[23.406562,41.829877],[23.407332,41.830174],[23.407838,41.830222],[23.408296,41.830319],[23.409333,41.830306],[23.409974,41.830429],[23.410409,41.830454],[23.410811,41.830377],[23.410958,41.830414],[23.412504,41.830373],[23.41281,41.830321],[23.4132,41.830308],[23.413385,41.830328],[23.413739,41.830263],[23.414059,41.830198],[23.414324,41.830056],[23.414476,41.830006],[23.414524,41.829955],[23.414471,41.829552],[23.414565,41.829469],[23.41469,41.829478],[23.414851,41.82957],[23.415075,41.829748],[23.4152,41.829748],[23.415326,41.829684],[23.415408,41.829469],[23.415482,41.829365],[23.41559,41.82932],[23.415655,41.829365],[23.415668,41.829433],[23.415374,41.829837],[23.415386,41.829919],[23.415434,41.829932],[23.415648,41.830071],[23.41599,41.830065],[23.416245,41.830109],[23.416464,41.83021],[23.416495,41.830146],[23.41659,41.830155],[23.416659,41.830213],[23.416715,41.830274],[23.416866,41.830256],[23.41698,41.830204],[23.41698,41.830121],[23.416833,41.830026],[23.416796,41.829946],[23.416811,41.829876],[23.416943,41.829828],[23.417023,41.829828],[23.417213,41.829968],[23.417312,41.829981],[23.417719,41.829797],[23.417933,41.829804],[23.418048,41.829873],[23.418053,41.830035],[23.418101,41.830096],[23.418089,41.83015],[23.418041,41.83018],[23.418084,41.830272],[23.41821,41.830368],[23.418236,41.830496],[23.418713,41.830422],[23.41892,41.830274],[23.418995,41.830186],[23.41892,41.83009],[23.41879,41.8301],[23.418737,41.829997],[23.418722,41.829912],[23.418744,41.829833],[23.418638,41.829725],[23.41847,41.829646],[23.418491,41.829595],[23.418609,41.829572],[23.418826,41.829572],[23.418999,41.829624],[23.419178,41.829777],[23.419243,41.829885],[23.419257,41.830076],[23.419404,41.830245],[23.419491,41.830249],[23.419604,41.83012],[23.42015,41.829891],[23.420322,41.82985],[23.420674,41.829806],[23.421001,41.829793],[23.421193,41.829831],[23.42152,41.829981],[23.421762,41.830125],[23.421913,41.830188],[23.422656,41.830309],[23.422729,41.83039],[23.422825,41.830481],[23.422806,41.830658],[23.422871,41.830787],[23.423172,41.830899],[23.423258,41.830994],[23.423333,41.831142],[23.423473,41.831185],[23.423603,41.831306],[23.423673,41.831527],[23.423685,41.831832],[23.42375,41.831978],[23.424094,41.832134],[23.4242,41.83223],[23.424212,41.83242],[23.424416,41.832523],[23.4246,41.832532],[23.424802,41.832739],[23.425028,41.832921],[23.425267,41.83306],[23.425948,41.832788],[23.42601,41.832669],[23.425953,41.83257],[23.426058,41.832336],[23.426242,41.832258],[23.426458,41.832284],[23.426759,41.832431],[23.427137,41.832743],[23.427359,41.832919],[23.427747,41.833067],[23.427864,41.833232],[23.427833,41.833414],[23.427961,41.833664],[23.428156,41.833803],[23.42849,41.833924],[23.428931,41.834096],[23.429092,41.834262],[23.42921,41.834331],[23.429728,41.834123],[23.430385,41.833742],[23.430496,41.833614],[23.4304,41.833484],[23.430166,41.833382],[23.429962,41.833238],[23.429865,41.833065],[23.429773,41.833052],[23.429627,41.832907],[23.429588,41.832752],[23.42934,41.832569],[23.429044,41.832413],[23.429039,41.832352],[23.429906,41.831849],[23.43001,41.831871],[23.430197,41.832015],[23.430338,41.832182],[23.430556,41.832321],[23.430804,41.832402],[23.430895,41.832346],[23.430874,41.832125],[23.430922,41.83202],[23.431083,41.831961],[23.431151,41.831876],[23.431213,41.831745],[23.431324,41.831647],[23.431344,41.831624],[23.431394,41.831488],[23.431414,41.831413],[23.431545,41.831315],[23.431606,41.83124],[23.431626,41.831142],[23.431606,41.831021],[23.431283,41.830645],[23.431186,41.830418],[23.430612,41.829471],[23.430346,41.8295],[23.430185,41.8296],[23.429826,41.829138],[23.429756,41.828808],[23.429797,41.828511],[23.430045,41.828291],[23.430117,41.828342],[23.430079,41.828514],[23.430132,41.828628],[23.430312,41.828797],[23.430531,41.828913],[23.43089,41.828858],[23.431116,41.828891],[23.431268,41.828964],[23.431429,41.829116],[23.431643,41.828964],[23.431872,41.828921],[23.432176,41.829017],[23.432455,41.829339],[23.432662,41.829287],[23.43278,41.82933],[23.432802,41.829436],[23.432715,41.829602],[23.432867,41.829688],[23.432584,41.829822],[23.432361,41.829841],[23.432287,41.829912],[23.433211,41.830714],[23.433459,41.830776],[23.433678,41.831148],[23.433818,41.831179],[23.433938,41.831109],[23.433955,41.830968],[23.433743,41.830671],[23.433611,41.830659],[23.433454,41.830686],[23.433329,41.830615],[23.433296,41.830471],[23.433327,41.830272],[23.433392,41.830245],[23.433474,41.830263],[23.433616,41.830419],[23.433702,41.830428],[23.433757,41.830358],[23.433762,41.83025],[23.433724,41.830083],[23.43356,41.829881],[23.43349,41.829524],[23.433431,41.828729],[23.433202,41.828256],[23.433063,41.82812],[23.432589,41.827734],[23.432594,41.827679],[23.432683,41.827608],[23.432683,41.827531],[23.432532,41.82741],[23.432548,41.82734],[23.43263,41.827261],[23.432604,41.827191],[23.432413,41.827148],[23.432375,41.827086],[23.432853,41.826779],[23.433054,41.826659],[23.433511,41.826227],[23.433768,41.825897],[23.433995,41.825581],[23.434397,41.82528],[23.434507,41.825228],[23.434604,41.825581],[23.434274,41.82612],[23.434041,41.826422],[23.433567,41.826875],[23.43342,41.827024],[23.433302,41.827234],[23.433319,41.827409],[23.433756,41.827935],[23.43453,41.828946],[23.434969,41.829117],[23.435248,41.829375],[23.43499,41.829594],[23.434866,41.829705],[23.434742,41.829863],[23.434663,41.829935],[23.434805,41.830214],[23.434935,41.830327],[23.435043,41.830363],[23.434913,41.830655],[23.434909,41.830813],[23.434973,41.830878],[23.435099,41.830914],[23.435246,41.830875],[23.435327,41.830883],[23.43543,41.831038],[23.435515,41.831146],[23.435686,41.831197],[23.435924,41.83124],[23.436096,41.831321],[23.436074,41.83144],[23.436168,41.831508],[23.436613,41.831627],[23.436813,41.831728],[23.436857,41.831814],[23.436808,41.831919],[23.436575,41.832169],[23.437078,41.83245],[23.43716,41.83227],[23.437302,41.832217],[23.43789,41.832262],[23.43806,41.83248],[23.438152,41.832462],[23.438337,41.832379],[23.438619,41.832354],[23.43893,41.832259],[23.43906,41.832206],[23.439243,41.83224],[23.439351,41.832465],[23.439512,41.832604],[23.439857,41.832622],[23.439912,41.832735],[23.439792,41.832873],[23.439825,41.833029],[23.439599,41.833202],[23.439503,41.83335],[23.439609,41.833461],[23.439869,41.833436],[23.440117,41.833461],[23.440377,41.833589],[23.440534,41.833706],[23.440743,41.83374],[23.441025,41.833715],[23.441282,41.83374],[23.441665,41.833702],[23.442108,41.83374],[23.442407,41.833779],[23.442467,41.833853],[23.442467,41.834033],[23.442648,41.834116],[23.442968,41.834134],[23.443218,41.833968],[23.44331,41.833824],[23.4435,41.833711],[23.44369,41.833565],[23.443603,41.833417],[23.443805,41.833347],[23.443842,41.833343],[23.444212,41.833807],[23.445458,41.835226],[23.445848,41.835288],[23.445969,41.835567],[23.446185,41.835664],[23.446197,41.835795],[23.446744,41.836044],[23.447452,41.836384],[23.447746,41.836305],[23.447842,41.836087],[23.447767,41.835867],[23.447158,41.835615],[23.447167,41.835465],[23.447396,41.835273],[23.447439,41.834522],[23.447624,41.834408],[23.447831,41.83454],[23.447851,41.835338],[23.447943,41.835577],[23.44816,41.835818],[23.448311,41.835901],[23.448562,41.835883],[23.448908,41.835946],[23.448935,41.836003],[23.448892,41.836068],[23.448735,41.83613],[23.448719,41.836234],[23.44881,41.836301],[23.449147,41.836295],[23.449263,41.836365],[23.44971,41.836385],[23.450043,41.836538],[23.450173,41.836525],[23.450796,41.836145],[23.450912,41.836149],[23.45096,41.836219],[23.4509,41.836403],[23.450994,41.836525],[23.450972,41.836568],[23.450671,41.836577],[23.449966,41.836768],[23.449961,41.836887],[23.450228,41.837156],[23.450441,41.837474],[23.450376,41.837688],[23.450246,41.837827],[23.450212,41.837964],[23.450251,41.838034],[23.450498,41.838099],[23.450795,41.83816],[23.450996,41.83821],[23.451484,41.838302],[23.451683,41.838189],[23.451912,41.837747],[23.452037,41.837726],[23.452172,41.837983],[23.452336,41.83798],[23.452707,41.837774],[23.452825,41.837787],[23.452897,41.83787],[23.453147,41.837866],[23.453183,41.837965],[23.453123,41.838032],[23.452565,41.838062],[23.452312,41.83816],[23.45185,41.838239],[23.451448,41.838646],[23.451212,41.838708],[23.451142,41.838763],[23.451164,41.838873],[23.451275,41.839091],[23.451417,41.839233],[23.451853,41.839417],[23.452929,41.839521],[23.453177,41.83925],[23.453215,41.83851],[23.45314,41.838354],[23.453338,41.838194],[23.453388,41.838087],[23.453434,41.83797],[23.45339,41.837619],[23.453205,41.837454],[23.452877,41.837438],[23.452682,41.83707],[23.452542,41.837018],[23.452271,41.837193],[23.452063,41.837105],[23.451813,41.837384],[23.451705,41.837297],[23.451649,41.837114],[23.451714,41.83693],[23.451964,41.83679],[23.452248,41.836755],[23.452639,41.836825],[23.452976,41.836973],[23.453455,41.837297],[23.453641,41.837603],[23.453542,41.838057],[23.453607,41.838179],[23.453737,41.83824],[23.453901,41.838231],[23.454096,41.83817],[23.454204,41.838031],[23.454192,41.837952],[23.454161,41.837567],[23.453978,41.837428],[23.453759,41.837367],[23.453715,41.837254],[23.453814,41.837227],[23.454269,41.837428],[23.45451,41.837462],[23.454683,41.837349],[23.454835,41.837069],[23.454835,41.83692],[23.454977,41.836781],[23.455025,41.836558],[23.454981,41.8364],[23.454938,41.836277],[23.454981,41.836182],[23.455287,41.836068],[23.455178,41.835751],[23.455279,41.835735],[23.455188,41.835652],[23.454867,41.83555],[23.454781,41.835606],[23.454513,41.835501],[23.454386,41.835485],[23.454256,41.835602],[23.454217,41.835428],[23.454126,41.835454],[23.454006,41.835638],[23.453897,41.83559],[23.45388,41.835525],[23.45394,41.835446],[23.454126,41.835314],[23.454191,41.835215],[23.454224,41.834823],[23.454159,41.834675],[23.453964,41.834623],[23.453692,41.834657],[23.453692,41.834569],[23.453974,41.834333],[23.454063,41.834142],[23.45367,41.834162],[23.453634,41.834245],[23.453405,41.834367],[23.453405,41.834569],[23.453276,41.834646],[23.453198,41.834769],[23.453285,41.834926],[23.453472,41.834961],[23.453731,41.835004],[23.453817,41.835109],[23.453796,41.835284],[23.45357,41.83546],[23.453047,41.835451],[23.45297,41.83552],[23.453014,41.835599],[23.453319,41.835651],[23.453307,41.835721],[23.453122,41.835756],[23.45272,41.83573],[23.45272,41.83581],[23.453233,41.835923],[23.453635,41.835835],[23.453895,41.835809],[23.45408,41.835887],[23.454145,41.836052],[23.45408,41.836245],[23.454177,41.836404],[23.454199,41.836578],[23.453908,41.836778],[23.453818,41.836551],[23.453679,41.836438],[23.453493,41.836499],[23.453438,41.836639],[23.453505,41.836937],[23.453407,41.836962],[23.452318,41.836604],[23.451476,41.836494],[23.451271,41.83639],[23.451271,41.836268],[23.451596,41.83625],[23.451564,41.836102],[23.451856,41.835909],[23.451824,41.835787],[23.45166,41.835639],[23.451571,41.835423],[23.45153,41.835342],[23.45135,41.835364],[23.451138,41.835533],[23.450825,41.835656],[23.450151,41.835717],[23.449313,41.836067],[23.449205,41.835944],[23.449053,41.83591],[23.448889,41.83576],[23.44866,41.835692],[23.448617,41.83556],[23.448802,41.835438],[23.448889,41.835281],[23.449715,41.835306],[23.449975,41.835098],[23.450203,41.835071],[23.450259,41.834843],[23.45061,41.834638],[23.450485,41.83459],[23.45023,41.834377],[23.449936,41.83435],[23.449753,41.834078],[23.449666,41.833808],[23.449524,41.833686],[23.449425,41.83338],[23.449239,41.833214],[23.449196,41.833092],[23.449273,41.832516],[23.449687,41.832341],[23.449795,41.832157],[23.449675,41.832026],[23.44948,41.832087],[23.449285,41.832044],[23.449393,41.831799],[23.449294,41.83152],[23.449044,41.831291],[23.448921,41.831203],[23.44874,41.831128],[23.448521,41.831079],[23.448227,41.831119],[23.448059,41.831281],[23.44802,41.831345],[23.447811,41.832141],[23.447496,41.8325],[23.447012,41.832941],[23.447012,41.833087],[23.447241,41.83308],[23.447446,41.83293],[23.447816,41.832966],[23.447882,41.833079],[23.447783,41.83327],[23.447665,41.833429],[23.447752,41.833568],[23.447752,41.833674],[23.447643,41.833735],[23.447371,41.833647],[23.447193,41.833715],[23.447167,41.834234],[23.447076,41.834618],[23.446967,41.834652],[23.44677,41.834515],[23.446606,41.834528],[23.446519,41.834488],[23.446006,41.834474],[23.445898,41.834403],[23.445886,41.834036],[23.446028,41.833705],[23.446533,41.833408],[23.446555,41.833269],[23.445621,41.833472],[23.445491,41.833377],[23.445512,41.83321],[23.445447,41.833141],[23.44544,41.832902],[23.445065,41.83294],[23.444682,41.832632],[23.444693,41.832581],[23.445064,41.832401],[23.445096,41.832358],[23.445009,41.832261],[23.44504,41.832164],[23.445341,41.831984],[23.445127,41.831782],[23.445018,41.831546],[23.445095,41.831258],[23.445052,41.831127],[23.444811,41.830952],[23.444811,41.830857],[23.444996,41.830752],[23.445018,41.830612],[23.444909,41.830541],[23.444919,41.830253],[23.444758,41.830106],[23.444714,41.829877],[23.444844,41.82944],[23.445315,41.829456],[23.445333,41.829176],[23.444408,41.829081],[23.444374,41.828879],[23.444386,41.828757],[23.444331,41.828662],[23.444059,41.828601],[23.444114,41.828199],[23.444256,41.82805],[23.444615,41.828321],[23.44518,41.828339],[23.445224,41.828233],[23.445354,41.828172],[23.44583,41.828251],[23.445908,41.828128],[23.445842,41.828042],[23.445472,41.828058],[23.445397,41.827954],[23.445428,41.827761],[23.445313,41.827658],[23.445245,41.827536],[23.445327,41.827307],[23.445339,41.827134],[23.445134,41.827109],[23.445108,41.826821],[23.447193,41.826786],[23.447074,41.826564],[23.44689,41.826257],[23.446618,41.826042],[23.446186,41.825491],[23.446065,41.824813],[23.446002,41.824697],[23.446036,41.82416],[23.445987,41.824082],[23.445912,41.824082],[23.445404,41.824598],[23.445381,41.824558],[23.445295,41.82434],[23.445285,41.824192],[23.445501,41.823929],[23.445588,41.823764],[23.445523,41.82351],[23.445229,41.823222],[23.445152,41.823099],[23.445238,41.822943],[23.445614,41.822858],[23.445522,41.822356],[23.445217,41.822174],[23.444718,41.82212],[23.444391,41.822269],[23.444184,41.822279],[23.444044,41.822129],[23.443881,41.822208],[23.443794,41.822156],[23.443803,41.822025],[23.444087,41.82199],[23.444208,41.821911],[23.444316,41.821938],[23.444369,41.822059],[23.444588,41.822051],[23.445098,41.821884],[23.445306,41.822015],[23.446025,41.822312],[23.446866,41.822591],[23.447092,41.822699],[23.447506,41.823],[23.448549,41.8233],[23.448861,41.823264],[23.449182,41.823127],[23.449574,41.822936],[23.449899,41.822907],[23.449969,41.822959],[23.44981,41.82308],[23.449786,41.823152],[23.449812,41.823235],[23.450292,41.823408],[23.450318,41.823552],[23.450227,41.823669],[23.450244,41.823833],[23.450285,41.823941],[23.450354,41.824175],[23.450312,41.824791],[23.450246,41.824942],[23.450086,41.825059],[23.44989,41.825164],[23.450102,41.825484],[23.450102,41.825621],[23.449925,41.82601],[23.44993,41.826276],[23.450245,41.826946],[23.4513,41.826722],[23.451374,41.826803],[23.451612,41.826816],[23.451779,41.827219],[23.451892,41.827219],[23.45214,41.827111],[23.452296,41.827181],[23.452405,41.827469],[23.452352,41.82773],[23.451816,41.828933],[23.451953,41.829256],[23.451884,41.829351],[23.451732,41.829407],[23.451397,41.829521],[23.451323,41.82962],[23.451159,41.830192],[23.451003,41.830509],[23.450863,41.830592],[23.450577,41.830713],[23.450363,41.830774],[23.450331,41.830846],[23.450375,41.830868],[23.450606,41.830837],[23.450731,41.830756],[23.450832,41.830772],[23.450887,41.83088],[23.450914,41.831114],[23.451157,41.830993],[23.451205,41.831012],[23.451215,41.831188],[23.450951,41.831324],[23.450963,41.831348],[23.450859,41.831399],[23.450888,41.831436],[23.451037,41.83151],[23.45108,41.831588],[23.450975,41.831634],[23.451372,41.83178],[23.451731,41.831989],[23.45208,41.83212],[23.452145,41.832257],[23.452248,41.832416],[23.452323,41.832594],[23.45234,41.832743],[23.452297,41.832786],[23.452205,41.83279],[23.452102,41.832726],[23.45197,41.832634],[23.4519,41.832763],[23.45301,41.833366],[23.453191,41.833436],[23.453304,41.833415],[23.453287,41.833353],[23.453234,41.833258],[23.45314,41.833123],[23.453166,41.833064],[23.453296,41.832929],[23.453404,41.832723],[23.453421,41.83254],[23.453298,41.83246],[23.453144,41.83234],[23.453097,41.832209],[23.452778,41.831919],[23.45286,41.831448],[23.452763,41.831389],[23.452547,41.831403],[23.452498,41.831277],[23.452691,41.831173],[23.452727,41.831038],[23.452618,41.830759],[23.452931,41.830687],[23.453473,41.831006],[23.453401,41.83133],[23.454136,41.831803],[23.454244,41.832199],[23.45392,41.832388],[23.4539,41.832495],[23.454444,41.832323],[23.45463,41.832183],[23.454755,41.832069],[23.45488,41.832004],[23.454865,41.831684],[23.454953,41.831185],[23.454985,41.830964],[23.454894,41.83073],[23.454898,41.830196],[23.454891,41.829847],[23.455247,41.830191],[23.455312,41.830153],[23.455307,41.829944],[23.455394,41.829718],[23.456135,41.828985],[23.456532,41.828955],[23.45658,41.828826],[23.456729,41.828716],[23.457006,41.828579],[23.45782,41.828258],[23.458125,41.828377],[23.458227,41.82834],[23.457974,41.82807],[23.457722,41.827809],[23.457222,41.827272],[23.456926,41.827295],[23.456582,41.827564],[23.456208,41.827751],[23.455974,41.827798],[23.455771,41.827774],[23.455587,41.82768],[23.455499,41.827575],[23.455438,41.827332],[23.455472,41.827215],[23.455457,41.827119],[23.455361,41.827016],[23.455241,41.826919],[23.455209,41.826771],[23.45517,41.826422],[23.454963,41.826172],[23.454773,41.825911],[23.454527,41.82572],[23.454462,41.825549],[23.454505,41.825427],[23.454626,41.825375],[23.454946,41.825295],[23.455651,41.825218],[23.455709,41.825196],[23.455668,41.825093],[23.455598,41.824798],[23.455626,41.824202],[23.455646,41.824081],[23.455679,41.823809],[23.455874,41.823509],[23.455896,41.823318],[23.455733,41.823222],[23.454904,41.823309],[23.454533,41.823172],[23.454381,41.822787],[23.453698,41.823007],[23.453252,41.823032],[23.452959,41.822919],[23.452817,41.822667],[23.453023,41.822483],[23.453543,41.822361],[23.453654,41.822447],[23.453849,41.822483],[23.454783,41.822241],[23.454424,41.822101],[23.45468,41.821722],[23.454761,41.821509],[23.45485,41.821122],[23.45487,41.82094],[23.4548,41.820893],[23.454472,41.820777],[23.454358,41.820612],[23.454412,41.820404],[23.454664,41.820198],[23.45431,41.820076],[23.45376,41.820111],[23.453619,41.820058],[23.453746,41.819501],[23.453887,41.81937],[23.454095,41.81931],[23.454495,41.819288],[23.45433,41.81901],[23.454245,41.818881],[23.454006,41.818676],[23.453857,41.818671],[23.453695,41.818896],[23.453505,41.819026],[23.453361,41.819065],[23.453128,41.819083],[23.452843,41.819049],[23.452665,41.81897],[23.452588,41.818875],[23.452605,41.818807],[23.452675,41.818779],[23.452944,41.818767],[23.453349,41.818662],[23.453404,41.818628],[23.453392,41.818527],[23.453142,41.818356],[23.453117,41.818167],[23.452828,41.817827],[23.452481,41.817496],[23.452558,41.817453],[23.452915,41.817791],[23.45319,41.818113],[23.453524,41.818277],[23.454157,41.818361],[23.45455,41.818489],[23.454716,41.818048],[23.454578,41.818],[23.454556,41.817933],[23.454569,41.817893],[23.454625,41.817821],[23.454633,41.817756],[23.454694,41.8176],[23.455021,41.817311],[23.455177,41.817037],[23.455329,41.816931],[23.455295,41.816777],[23.45528,41.816598],[23.455307,41.816403],[23.455256,41.816229],[23.4553,41.816164],[23.455812,41.816249],[23.456233,41.816398],[23.456115,41.81631],[23.455942,41.816092],[23.455786,41.815984],[23.455355,41.815881],[23.455545,41.815717],[23.455643,41.815517],[23.455701,41.815283],[23.455684,41.81512],[23.455725,41.815049],[23.456269,41.815019],[23.456408,41.81499],[23.456312,41.814925],[23.456242,41.814846],[23.456247,41.814713],[23.456317,41.814599],[23.456436,41.81445],[23.456362,41.814413],[23.456466,41.814272],[23.456513,41.814191],[23.456586,41.814085],[23.456662,41.81389],[23.45673,41.813905],[23.456904,41.813976],[23.456947,41.814035],[23.457048,41.81405],[23.457135,41.813992],[23.457238,41.813905],[23.457281,41.813884],[23.457351,41.813905],[23.457378,41.813985],[23.4574,41.814145],[23.457431,41.814201],[23.457597,41.814363],[23.457556,41.81415],[23.457416,41.813803],[23.456971,41.813493],[23.456706,41.813126],[23.456506,41.813016],[23.456383,41.812738],[23.456246,41.812413],[23.455861,41.812005],[23.455501,41.811639],[23.455198,41.811456],[23.455029,41.811308],[23.454709,41.810842],[23.454548,41.810514],[23.45442,41.810365],[23.454223,41.810363],[23.453762,41.810172],[23.453224,41.809804],[23.45362,41.809355],[23.453712,41.809337],[23.453936,41.809317],[23.454451,41.809466],[23.455907,41.809763],[23.457185,41.810061],[23.458386,41.810214],[23.460052,41.810256],[23.461212,41.810183],[23.461965,41.810128],[23.462266,41.810374],[23.462416,41.811433],[23.462958,41.812369],[23.463541,41.812942],[23.46391,41.812985],[23.46421,41.813269],[23.464584,41.813574],[23.464564,41.813642],[23.464759,41.813524],[23.464846,41.813566],[23.465229,41.813845],[23.466102,41.814773],[23.466207,41.814871],[23.467153,41.815133],[23.467261,41.815175],[23.467324,41.815193],[23.467464,41.815184],[23.467714,41.815255],[23.467984,41.81548],[23.468263,41.815983],[23.468502,41.816195],[23.469116,41.816533],[23.469216,41.816583],[23.469821,41.816918],[23.470433,41.817156],[23.470339,41.817262],[23.470749,41.817805],[23.470896,41.817801],[23.471072,41.817773],[23.471525,41.818598],[23.472018,41.818786],[23.472596,41.819242],[23.472845,41.819843],[23.473339,41.820894],[23.474625,41.822469],[23.475854,41.823975],[23.476103,41.824246],[23.476352,41.82425],[23.476452,41.824247],[23.47656,41.824006],[23.476698,41.823932],[23.476688,41.823826],[23.476991,41.823662],[23.475878,41.822256],[23.474904,41.821077],[23.474711,41.820915],[23.474533,41.820789],[23.474603,41.820753],[23.474843,41.820499],[23.474976,41.820514],[23.475235,41.820287],[23.475341,41.82015],[23.475264,41.820105],[23.475185,41.820071],[23.47476,41.819935],[23.474477,41.819815],[23.474311,41.819558],[23.474132,41.819257],[23.474043,41.818964],[23.473848,41.818629],[23.473621,41.818307],[23.473967,41.8179],[23.474008,41.817581],[23.47426,41.817244],[23.474378,41.817161],[23.474582,41.816803],[23.474525,41.816554],[23.474705,41.816122],[23.474751,41.81604],[23.474893,41.815745],[23.475009,41.815027],[23.474956,41.814769],[23.474929,41.814605],[23.474892,41.814605],[23.474819,41.814526],[23.474658,41.814497],[23.474549,41.814394],[23.474424,41.814147],[23.474419,41.813924],[23.474512,41.813515],[23.474764,41.813284],[23.474883,41.813241],[23.474733,41.813198],[23.474827,41.813001],[23.474856,41.812587],[23.475144,41.811905],[23.475242,41.811649],[23.475295,41.811246],[23.475273,41.811188],[23.475138,41.811104],[23.475116,41.810797],[23.475333,41.810671],[23.475494,41.810439],[23.475539,41.810233],[23.47566,41.810133],[23.475912,41.809882],[23.476052,41.809819],[23.476235,41.809798],[23.476304,41.809859],[23.476333,41.809859],[23.47674,41.809134],[23.476756,41.80912],[23.476761,41.809079],[23.476701,41.808965],[23.476679,41.808958],[23.476845,41.808756],[23.476934,41.808583],[23.476837,41.808445],[23.476729,41.808216],[23.476652,41.807988],[23.476921,41.808074],[23.477075,41.808068],[23.477191,41.807967],[23.477414,41.807949],[23.477444,41.808043],[23.477384,41.808272],[23.477478,41.808363],[23.477636,41.808351],[23.47779,41.808043],[23.477915,41.807936],[23.477992,41.807807],[23.478199,41.807566],[23.478367,41.807261],[23.478444,41.806976],[23.478443,41.806798],[23.478416,41.806602],[23.478178,41.80661],[23.478059,41.8068],[23.477932,41.806974],[23.477867,41.807248],[23.477717,41.8074],[23.477633,41.807582],[23.477564,41.807631],[23.47748,41.807385],[23.477543,41.807189],[23.476807,41.807267],[23.476462,41.807337],[23.476293,41.807376],[23.475925,41.807595],[23.475787,41.807527],[23.476108,41.807203],[23.476214,41.807032],[23.476057,41.806965],[23.475875,41.806865],[23.475745,41.806744],[23.475448,41.806333],[23.475371,41.806027],[23.475355,41.805927],[23.475862,41.805948],[23.476004,41.805924],[23.475966,41.805903],[23.475865,41.805671],[23.475728,41.80557],[23.475886,41.805398],[23.476348,41.805453],[23.47665,41.805819],[23.47674,41.806036],[23.476797,41.806281],[23.476883,41.806392],[23.477056,41.806211],[23.477379,41.80602],[23.477609,41.805636],[23.47773,41.805612],[23.477731,41.805577],[23.477797,41.805379],[23.477996,41.805089],[23.478032,41.805136],[23.478127,41.805386],[23.478166,41.805438],[23.478184,41.805524],[23.478247,41.805513],[23.478335,41.805768],[23.478451,41.805984],[23.478497,41.806169],[23.478497,41.806374],[23.478476,41.806611],[23.478496,41.806787],[23.478468,41.807072],[23.478352,41.807405],[23.478186,41.807661],[23.477951,41.807972],[23.478168,41.808026],[23.478359,41.807707],[23.478556,41.807463],[23.478697,41.807553],[23.478671,41.807979],[23.478483,41.808183],[23.478352,41.808456],[23.478283,41.808762],[23.478326,41.809041],[23.478718,41.80922],[23.478891,41.809414],[23.479238,41.809515],[23.480138,41.809509],[23.480271,41.809466],[23.480359,41.809405],[23.480513,41.80917],[23.480804,41.808585],[23.480919,41.808279],[23.481184,41.808117],[23.481222,41.808115],[23.481313,41.808097],[23.481745,41.808732],[23.481815,41.808973],[23.481909,41.809445],[23.481919,41.809679],[23.481896,41.809836],[23.481828,41.809976],[23.481706,41.81014],[23.481696,41.810243],[23.481713,41.810353],[23.4818,41.810479],[23.481942,41.810599],[23.482084,41.810795],[23.482332,41.811022],[23.48246,41.81117],[23.482491,41.811364],[23.482451,41.811463],[23.482475,41.811568],[23.482628,41.811373],[23.482676,41.811197],[23.482603,41.810513],[23.482695,41.810471],[23.482854,41.810453],[23.483248,41.810579],[23.483511,41.810561],[23.483631,41.810507],[23.483785,41.810339],[23.483826,41.810175],[23.483941,41.809284],[23.484053,41.80885],[23.483991,41.808822],[23.483873,41.808791],[23.483766,41.808934],[23.483631,41.809002],[23.483528,41.809017],[23.483401,41.80903],[23.48331,41.808946],[23.483305,41.809066],[23.483421,41.809232],[23.483399,41.809344],[23.483295,41.809344],[23.483219,41.809293],[23.483144,41.809288],[23.483012,41.809517],[23.482786,41.809542],[23.482814,41.809041],[23.482758,41.808701],[23.482611,41.808265],[23.482459,41.807927],[23.482397,41.807355],[23.48246,41.806645],[23.482785,41.806736],[23.483108,41.806769],[23.483242,41.806857],[23.483335,41.806885],[23.483459,41.806977],[23.483303,41.807361],[23.483498,41.807492],[23.48378,41.807512],[23.484307,41.807642],[23.484275,41.807015],[23.484641,41.807045],[23.484894,41.807189],[23.485178,41.806917],[23.485406,41.806904],[23.485567,41.806591],[23.485659,41.806591],[23.485972,41.806762],[23.486068,41.806762],[23.486176,41.806506],[23.486286,41.806372],[23.486609,41.806183],[23.486799,41.806192],[23.486909,41.806003],[23.487075,41.805594],[23.487017,41.805468],[23.487145,41.805423],[23.487229,41.805245],[23.487322,41.805284],[23.487457,41.805284],[23.48784,41.805106],[23.487969,41.805103],[23.487949,41.805211],[23.487814,41.805463],[23.487797,41.805831],[23.487676,41.806174],[23.487657,41.806337],[23.487665,41.806481],[23.487734,41.806704],[23.48788,41.807006],[23.488037,41.807163],[23.488206,41.807629],[23.488238,41.807951],[23.488213,41.808254],[23.488096,41.808538],[23.487947,41.808754],[23.487836,41.809132],[23.48782,41.80934],[23.487707,41.809535],[23.487615,41.809752],[23.487524,41.809762],[23.487157,41.8099],[23.487145,41.810006],[23.486994,41.8102],[23.48677,41.810397],[23.486464,41.810582],[23.486289,41.81062],[23.486196,41.810582],[23.486141,41.810421],[23.486175,41.810084],[23.486223,41.80975],[23.485998,41.809206],[23.485953,41.809483],[23.485804,41.809695],[23.485696,41.809695],[23.485371,41.8098],[23.485253,41.809749],[23.485007,41.809434],[23.485142,41.809225],[23.484985,41.809344],[23.484821,41.809352],[23.48447,41.809172],[23.484396,41.809523],[23.484362,41.809561],[23.484287,41.809556],[23.484201,41.809417],[23.484287,41.809276],[23.484321,41.809106],[23.484145,41.808878],[23.484037,41.809305],[23.483922,41.810197],[23.48385,41.810367],[23.48368,41.810544],[23.483514,41.81065],[23.483212,41.810678],[23.482782,41.810535],[23.482849,41.810676],[23.482957,41.810836],[23.483261,41.811429],[23.483484,41.811681],[23.483539,41.811826],[23.483606,41.811936],[23.48394,41.811858],[23.484064,41.812015],[23.484174,41.812087],[23.484271,41.812026],[23.48429,41.811803],[23.48436,41.811743],[23.484453,41.811731],[23.484533,41.811766],[23.484631,41.811756],[23.484653,41.811712],[23.484552,41.81163],[23.484525,41.811577],[23.484549,41.811491],[23.484626,41.811405],[23.484636,41.811066],[23.484861,41.810781],[23.485138,41.810691],[23.48521,41.810511],[23.485359,41.81047],[23.485454,41.810536],[23.485545,41.810586],[23.485612,41.810568],[23.485634,41.810502],[23.485675,41.810475],[23.485744,41.81048],[23.485752,41.810586],[23.4858,41.810675],[23.48587,41.810669],[23.485877,41.810592],[23.485903,41.810536],[23.485973,41.810525],[23.486014,41.810581],[23.485988,41.810853],[23.485822,41.811398],[23.485796,41.811751],[23.485804,41.81189],[23.486045,41.812019],[23.486162,41.812158],[23.486213,41.812185],[23.486232,41.812147],[23.486209,41.811957],[23.486139,41.811728],[23.486159,41.811565],[23.486325,41.811235],[23.486564,41.81102],[23.486383,41.811245],[23.486267,41.811585],[23.486283,41.812184],[23.486364,41.812183],[23.486444,41.81325],[23.48663,41.813467],[23.486772,41.813774],[23.487113,41.813899],[23.487481,41.814085],[23.487658,41.814327],[23.487667,41.814754],[23.487787,41.815099],[23.487739,41.815271],[23.487799,41.815486],[23.48772,41.815663],[23.487708,41.815879],[23.487849,41.816286],[23.487841,41.816535],[23.487892,41.816717],[23.488112,41.816802],[23.488447,41.81681],[23.489061,41.81698],[23.489289,41.817138],[23.489359,41.817325],[23.489301,41.817625],[23.489179,41.817954],[23.489167,41.818106],[23.489244,41.818224],[23.489423,41.818359],[23.489513,41.818523],[23.489549,41.818395],[23.4895,41.818273],[23.489536,41.818084],[23.489702,41.817932],[23.490574,41.818051],[23.490875,41.81831],[23.490408,41.818514],[23.490028,41.818798],[23.490081,41.818946],[23.490108,41.819074],[23.490178,41.819119],[23.490233,41.819214],[23.490344,41.819302],[23.490604,41.819455],[23.490977,41.819651],[23.49104,41.819793],[23.491115,41.819855],[23.491218,41.819831],[23.491414,41.819815],[23.491691,41.819937],[23.491973,41.819801],[23.49222,41.819566],[23.492427,41.819436],[23.492453,41.819346],[23.492549,41.819167],[23.492693,41.819101],[23.492936,41.819066],[23.493102,41.819021],[23.493261,41.818715],[23.493386,41.818638],[23.493588,41.818587],[23.493879,41.818547],[23.49419,41.818469],[23.494344,41.818392],[23.494454,41.818264],[23.494577,41.818179],[23.494724,41.81819],[23.494813,41.81823],[23.495037,41.818067],[23.495215,41.818073],[23.495318,41.818138],[23.495982,41.817802],[23.496606,41.817669],[23.496855,41.817468],[23.497007,41.817061],[23.49694,41.81653],[23.497345,41.816268],[23.497368,41.816247],[23.497725,41.81535],[23.497867,41.815403],[23.497597,41.816212],[23.497652,41.816424],[23.497498,41.816737],[23.497368,41.817162],[23.497445,41.817207],[23.496998,41.817638],[23.496711,41.817825],[23.496331,41.818029],[23.495735,41.818499],[23.495444,41.818813],[23.494997,41.819101],[23.494703,41.819429],[23.494444,41.81955],[23.494016,41.819894],[23.493669,41.820189],[23.493306,41.820633],[23.493285,41.820755],[23.493343,41.821074],[23.493692,41.821373],[23.494526,41.821647],[23.495103,41.821525],[23.495306,41.8218],[23.494979,41.821968],[23.495545,41.822455],[23.495545,41.822542],[23.49523,41.822704],[23.495355,41.822969],[23.495165,41.823408],[23.495149,41.823435],[23.495695,41.823496],[23.495705,41.823469],[23.495784,41.823481],[23.495818,41.823631],[23.495821,41.823807],[23.495831,41.823905],[23.496096,41.824014],[23.496308,41.824228],[23.496498,41.82429],[23.496768,41.824316],[23.496996,41.824295],[23.496934,41.824284],[23.497194,41.824264],[23.497396,41.824197],[23.497419,41.824097],[23.497417,41.824061],[23.49749,41.824081],[23.497451,41.823965],[23.497737,41.823966],[23.49833,41.823923],[23.498671,41.823809],[23.49883,41.82376],[23.498977,41.823573],[23.499172,41.82365],[23.499316,41.823655],[23.499496,41.823594],[23.499772,41.823668],[23.500366,41.823775],[23.500727,41.823775],[23.500934,41.823708],[23.501018,41.823608],[23.501136,41.823546],[23.50141,41.823476],[23.501577,41.823558],[23.501714,41.823888],[23.501791,41.82416],[23.501895,41.824244],[23.502049,41.824266],[23.502167,41.824239],[23.502227,41.82416],[23.502234,41.824042],[23.502388,41.823848],[23.502373,41.823513],[23.502303,41.823363],[23.502096,41.823207],[23.50207,41.823124],[23.502026,41.823059],[23.502156,41.822953],[23.501686,41.822809],[23.501299,41.822655],[23.501048,41.822604],[23.500771,41.822655],[23.500658,41.822756],[23.500579,41.822895],[23.50037,41.822934],[23.500218,41.822935],[23.500015,41.822818],[23.499722,41.822713],[23.499486,41.82269],[23.499125,41.822635],[23.498891,41.82253],[23.4986,41.822558],[23.49839,41.822452],[23.498327,41.822218],[23.498411,41.8221],[23.49864,41.822113],[23.498883,41.822001],[23.499302,41.822003],[23.499653,41.821858],[23.500091,41.821807],[23.500532,41.821854],[23.500802,41.822043],[23.501252,41.822032],[23.501531,41.822132],[23.50189,41.822283],[23.502174,41.822371],[23.502494,41.822393],[23.502622,41.822436],[23.502824,41.822481],[23.503477,41.822435],[23.50358,41.822475],[23.50358,41.822558],[23.503497,41.822842],[23.503754,41.822939],[23.503896,41.822878],[23.503944,41.822817],[23.504021,41.822647],[23.504203,41.822639],[23.504293,41.822813],[23.504389,41.822791],[23.5045,41.822719],[23.504512,41.822695],[23.504338,41.822641],[23.50433,41.822444],[23.504477,41.822497],[23.504606,41.822569],[23.504707,41.822553],[23.504933,41.822589],[23.505106,41.822549],[23.50529,41.822547],[23.505097,41.822473],[23.505086,41.822206],[23.504612,41.821829],[23.504169,41.821497],[23.503952,41.821268],[23.50391,41.821039],[23.503903,41.82085],[23.503939,41.820627],[23.50398,41.82046],[23.504093,41.820562],[23.504128,41.820231],[23.504128,41.819882],[23.504164,41.819786],[23.504241,41.819744],[23.504347,41.819753],[23.504433,41.819692],[23.504467,41.819564],[23.504592,41.81933],[23.504745,41.81902],[23.504719,41.818925],[23.504435,41.818709],[23.504571,41.818077],[23.504402,41.81783],[23.504248,41.817335],[23.504464,41.817101],[23.504023,41.816428],[23.503871,41.816466],[23.50391,41.816767],[23.503891,41.816925],[23.503847,41.817039],[23.503616,41.81715],[23.503386,41.817102],[23.503016,41.816346],[23.502736,41.81584],[23.502654,41.815332],[23.502646,41.81506],[23.502887,41.815071],[23.503253,41.815132],[23.50332,41.815123],[23.503327,41.815066],[23.503267,41.81503],[23.503108,41.814986],[23.503014,41.814902],[23.50309,41.814329],[23.503362,41.814177],[23.503704,41.814109],[23.503836,41.814089],[23.504161,41.814274],[23.504237,41.814571],[23.504083,41.81493],[23.504107,41.815232],[23.504276,41.815405],[23.504712,41.815581],[23.505913,41.815715],[23.505435,41.816429],[23.505378,41.816575],[23.505274,41.816737],[23.505371,41.816915],[23.505647,41.816542],[23.505984,41.816579],[23.506432,41.816469],[23.506863,41.816492],[23.507226,41.816622],[23.507532,41.816802],[23.507641,41.817086],[23.507268,41.817036],[23.506866,41.816933],[23.506485,41.816678],[23.506463,41.816745],[23.506596,41.816873],[23.506798,41.817013],[23.507222,41.817283],[23.507593,41.817208],[23.507391,41.817338],[23.507482,41.817482],[23.507543,41.817745],[23.507517,41.817923],[23.507447,41.817995],[23.507219,41.818017],[23.507067,41.817985],[23.506725,41.81819],[23.506453,41.81827],[23.506319,41.81838],[23.506201,41.818508],[23.506172,41.818636],[23.506242,41.818702],[23.506437,41.818664],[23.506798,41.818441],[23.507005,41.818486],[23.507188,41.818489],[23.50827,41.817919],[23.508588,41.817663],[23.508636,41.817426],[23.508349,41.817062],[23.508098,41.816699],[23.507495,41.816191],[23.507495,41.816056],[23.507327,41.81597],[23.507281,41.815846],[23.507203,41.815599],[23.507403,41.815673],[23.508735,41.816259],[23.508797,41.816107],[23.508903,41.816014],[23.509336,41.816019],[23.509565,41.81608],[23.509654,41.816186],[23.509322,41.816319],[23.509607,41.816526],[23.509566,41.816615],[23.509677,41.816737],[23.509891,41.816861],[23.509995,41.817077],[23.510382,41.816792],[23.510402,41.816902],[23.510631,41.81712],[23.511069,41.817303],[23.511868,41.817695],[23.511765,41.817772],[23.511571,41.817805],[23.511301,41.817816],[23.511009,41.817739],[23.51067,41.817478],[23.510337,41.8173],[23.510135,41.817289],[23.51001,41.817306],[23.510032,41.817462],[23.510162,41.81763],[23.510169,41.81783],[23.510468,41.818252],[23.510517,41.81838],[23.510442,41.81846],[23.510281,41.818492],[23.509949,41.818593],[23.509754,41.818766],[23.50975,41.818872],[23.509839,41.818961],[23.509984,41.818982],[23.510371,41.81882],[23.510611,41.818601],[23.510729,41.818585],[23.510932,41.818846],[23.511009,41.818875],[23.511049,41.81879],[23.510765,41.818267],[23.510805,41.818149],[23.510923,41.81816],[23.511326,41.818306],[23.511651,41.818332],[23.512274,41.818244],[23.512553,41.818222],[23.512719,41.818265],[23.512739,41.818315],[23.512255,41.818561],[23.511581,41.818752],[23.511471,41.818829],[23.51154,41.818896],[23.51176,41.81895],[23.512405,41.818982],[23.51273,41.819093],[23.512993,41.819205],[23.51325,41.818875],[23.513478,41.818837],[23.513603,41.818741],[23.513541,41.81868],[23.513165,41.81872],[23.512936,41.818692],[23.512847,41.81858],[23.512847,41.81838],[23.512957,41.818212],[23.513138,41.818202],[23.513208,41.818257],[23.513516,41.818052],[23.512437,41.817831],[23.512155,41.817794],[23.512343,41.817716],[23.512535,41.817799],[23.512555,41.817716],[23.513123,41.817838],[23.513569,41.817899],[23.514221,41.818035],[23.514363,41.818107],[23.514481,41.818015],[23.514897,41.817894],[23.514943,41.817831],[23.515195,41.81769],[23.515419,41.817555],[23.515734,41.81745],[23.515881,41.817346],[23.515874,41.817046],[23.515698,41.816932],[23.515414,41.816871],[23.515759,41.816523],[23.515845,41.816546],[23.515932,41.816222],[23.516057,41.816058],[23.516122,41.81611],[23.51686,41.816925],[23.516966,41.816993],[23.51709,41.816997],[23.517713,41.81727],[23.51785,41.817275],[23.518238,41.817164],[23.518357,41.817225],[23.518386,41.8171],[23.518073,41.816885],[23.518133,41.816773],[23.518378,41.816785],[23.518646,41.81689],[23.519541,41.817179],[23.519749,41.817299],[23.519907,41.817313],[23.519761,41.817178],[23.519606,41.816918],[23.519613,41.816768],[23.519721,41.816628],[23.520113,41.81628],[23.520279,41.81606],[23.520363,41.816141],[23.520517,41.816207],[23.520635,41.816191],[23.520991,41.816018],[23.520815,41.815854],[23.520709,41.815633],[23.5208,41.815607],[23.520887,41.815546],[23.520985,41.815336],[23.521365,41.814707],[23.521442,41.814745],[23.521649,41.814935],[23.521805,41.814935],[23.521911,41.814811],[23.522226,41.814558],[23.522508,41.814681],[23.522474,41.814846],[23.522585,41.814951],[23.522963,41.814961],[23.523251,41.814949],[23.52355,41.814888],[23.523887,41.814888],[23.52427,41.814817],[23.525001,41.814797],[23.525242,41.814847],[23.525786,41.814675],[23.525767,41.814799],[23.52614,41.814735],[23.526448,41.814794],[23.526942,41.814872],[23.527293,41.814949],[23.52769,41.814949],[23.528287,41.814983],[23.529057,41.814642],[23.529165,41.814622],[23.529449,41.81451],[23.529938,41.814439],[23.530438,41.814334],[23.5311,41.814143],[23.532031,41.814055],[23.532392,41.814003],[23.532852,41.813972],[23.533191,41.813892],[23.533634,41.813796],[23.534018,41.813699],[23.534204,41.813628],[23.534343,41.813542],[23.534461,41.813376],[23.534552,41.813172],[23.534409,41.813022],[23.534311,41.813091],[23.534214,41.812879],[23.533937,41.812668],[23.533633,41.812454],[23.5336,41.812358],[23.533546,41.812154],[23.533296,41.811994],[23.533139,41.811822],[23.53297,41.811469],[23.532729,41.811121],[23.532461,41.810983],[23.532165,41.810928],[23.531758,41.81095],[23.531381,41.811044],[23.530938,41.811149],[23.530567,41.811197],[23.530168,41.811169],[23.529881,41.811169],[23.529706,41.811225],[23.529516,41.811332],[23.529275,41.811339],[23.528765,41.811332],[23.528127,41.811272],[23.527612,41.811199],[23.527147,41.81115],[23.526528,41.810978],[23.52604,41.810948],[23.525467,41.810893],[23.524928,41.810767],[23.524475,41.810575],[23.524029,41.810393],[23.523569,41.810239],[23.523292,41.810057],[23.522996,41.80978],[23.522726,41.809622],[23.522263,41.809372],[23.521661,41.809005],[23.521025,41.808671],[23.520505,41.808518],[23.520221,41.808328],[23.519869,41.807961],[23.519664,41.807572],[23.519997,41.807219],[23.520581,41.806237],[23.520806,41.805762],[23.520844,41.805387],[23.520805,41.805137],[23.520665,41.804978],[23.520328,41.804766],[23.519863,41.804572],[23.519495,41.804385],[23.519133,41.804123],[23.518883,41.803851],[23.518738,41.80355],[23.518598,41.803239],[23.518395,41.80303],[23.518282,41.802712],[23.518149,41.802521],[23.517925,41.802244],[23.517592,41.80187],[23.517462,41.801808],[23.517332,41.8016],[23.517295,41.80133],[23.517177,41.801119],[23.516972,41.800779],[23.516526,41.800419],[23.515797,41.800045],[23.51564,41.79972],[23.515673,41.79972],[23.516009,41.799189],[23.516262,41.798896],[23.51667,41.798563],[23.517199,41.798121],[23.517343,41.797954],[23.517968,41.797481],[23.517968,41.797477],[23.51834,41.797049],[23.518785,41.79658],[23.51917,41.796436],[23.519097,41.796103],[23.519361,41.795738],[23.519445,41.795418],[23.519228,41.795373],[23.519132,41.79531],[23.519516,41.79517],[23.519552,41.795161],[23.519576,41.795089],[23.520142,41.794828],[23.520658,41.794449],[23.520923,41.794188],[23.521102,41.793846],[23.521222,41.793431],[23.521258,41.793184],[23.521306,41.793044],[23.521161,41.792824],[23.52116,41.792513],[23.521353,41.792328],[23.521641,41.792099],[23.521749,41.792017],[23.521845,41.791738],[23.52176,41.79123],[23.52188,41.790806],[23.522263,41.789915],[23.522387,41.789737],[23.522444,41.789612],[23.522455,41.789567],[23.522455,41.789361],[23.522322,41.789127],[23.522286,41.7891],[23.522105,41.789068],[23.522021,41.789073],[23.521407,41.789074],[23.520661,41.788881],[23.520384,41.788787],[23.520252,41.788746],[23.519927,41.788634],[23.519783,41.788481],[23.519782,41.788422],[23.520094,41.788003],[23.520767,41.787418],[23.521344,41.787003],[23.521957,41.786359],[23.522437,41.785805],[23.522869,41.785421],[23.523025,41.785106],[23.523806,41.784462],[23.52395,41.784363],[23.525237,41.783151],[23.525346,41.783123],[23.525379,41.783102],[23.525752,41.782749],[23.525811,41.782389],[23.525715,41.782146],[23.52551,41.781899],[23.525425,41.781728],[23.525696,41.781413],[23.526002,41.781322],[23.526288,41.781297],[23.526512,41.781313],[23.526865,41.7813],[23.526856,41.781255],[23.527077,41.781249],[23.52738,41.781153],[23.527813,41.780949],[23.528022,41.780859],[23.528298,41.780713],[23.528693,41.780597],[23.529027,41.780444],[23.529354,41.780269],[23.529796,41.780058],[23.530111,41.779838],[23.530209,41.779759],[23.530202,41.779654],[23.529689,41.779376],[23.529398,41.779257],[23.529251,41.779252],[23.529058,41.779139],[23.528911,41.77897],[23.52879,41.778799],[23.528802,41.778501],[23.528982,41.778109],[23.529176,41.777741],[23.529502,41.777359],[23.529668,41.777051],[23.529809,41.776867],[23.529913,41.776675],[23.530138,41.776483],[23.530218,41.776384],[23.530143,41.776145],[23.529805,41.775814],[23.529247,41.775489],[23.528739,41.775315],[23.528389,41.774994],[23.528043,41.774962],[23.527355,41.775073],[23.527074,41.774963],[23.52672,41.774812],[23.52646,41.774766],[23.525945,41.774705],[23.525363,41.774569],[23.525057,41.774392],[23.524949,41.774363],[23.524967,41.77428],[23.525028,41.774121],[23.525075,41.774031],[23.525124,41.773954],[23.525179,41.773824],[23.525396,41.77362],[23.52547,41.773466],[23.525543,41.773327],[23.525652,41.772696],[23.525744,41.77241],[23.52578,41.772165],[23.525793,41.772132],[23.52601,41.771809],[23.526416,41.771433],[23.526821,41.771075],[23.527207,41.77082],[23.527941,41.770401],[23.528374,41.770171],[23.528684,41.76997],[23.529143,41.769729],[23.528989,41.769312],[23.52858,41.768554],[23.528108,41.768037],[23.527666,41.767565],[23.52729,41.767284],[23.52693,41.766939],[23.526482,41.766787],[23.526287,41.766806],[23.526342,41.76674],[23.526394,41.766483],[23.526424,41.766255],[23.526388,41.766051],[23.526234,41.765817],[23.526085,41.765624],[23.525928,41.765462],[23.525758,41.765364],[23.525549,41.765296],[23.525217,41.765167],[23.524855,41.765068],[23.524739,41.765096],[23.524897,41.764815],[23.52507,41.764617],[23.525324,41.764499],[23.525776,41.764485],[23.526455,41.764608],[23.526989,41.764759],[23.527372,41.764834],[23.527638,41.764789],[23.527912,41.764686],[23.528338,41.764662],[23.528559,41.764601],[23.528795,41.764493],[23.529066,41.764258],[23.529251,41.763939],[23.529289,41.763649],[23.529259,41.763412],[23.529129,41.763138],[23.528907,41.762868],[23.528341,41.76228],[23.528329,41.762131],[23.528562,41.761902],[23.528831,41.761705],[23.529213,41.761527],[23.529965,41.761302],[23.530761,41.76112],[23.531448,41.760941],[23.5318,41.760912],[23.532151,41.760976],[23.532535,41.760953],[23.533928,41.760712],[23.534428,41.760715],[23.534972,41.760855],[23.535421,41.760793],[23.53602,41.760612],[23.536627,41.760242],[23.537067,41.759851],[23.537525,41.759347],[23.537705,41.759262],[23.538347,41.759122],[23.538628,41.75898],[23.538813,41.758816],[23.538979,41.758661],[23.539255,41.758628],[23.539433,41.758385],[23.539433,41.758266],[23.539358,41.758081],[23.539439,41.757836],[23.539395,41.75765],[23.539417,41.757438],[23.539373,41.757258],[23.53918,41.757098],[23.539057,41.7567],[23.539056,41.756396],[23.539015,41.756066],[23.538952,41.755877],[23.538927,41.755661],[23.538936,41.755252],[23.538842,41.755013],[23.538873,41.754889],[23.539022,41.754818],[23.539229,41.754863],[23.539527,41.754877],[23.539888,41.754781],[23.540157,41.75461],[23.540356,41.754455],[23.540505,41.754275],[23.540579,41.754055],[23.540568,41.753716],[23.540753,41.753637],[23.540953,41.753536],[23.54107,41.753377],[23.54107,41.753156],[23.541117,41.752794],[23.541124,41.752565],[23.541222,41.7524],[23.541499,41.752181],[23.541741,41.751972],[23.541916,41.751787],[23.542452,41.751487],[23.542762,41.751341],[23.542961,41.751011],[23.543624,41.750659],[23.544138,41.750448],[23.545236,41.750009],[23.545995,41.749751],[23.547495,41.749396],[23.548105,41.749215],[23.548542,41.749062],[23.549441,41.74867],[23.549909,41.748457],[23.550073,41.748376],[23.55019,41.748311],[23.550276,41.748131],[23.550264,41.748036],[23.550238,41.747999],[23.550423,41.747998],[23.551685,41.747965],[23.552587,41.747924],[23.555063,41.747822],[23.555316,41.747831],[23.556085,41.747806],[23.556497,41.748005],[23.556812,41.748091],[23.557346,41.748263],[23.557477,41.748322],[23.55744,41.748085],[23.557283,41.747684],[23.557198,41.747445],[23.557053,41.747112],[23.557017,41.746864],[23.556957,41.74662],[23.556957,41.746434],[23.556884,41.746119],[23.556836,41.745875],[23.556824,41.74568],[23.556836,41.745522],[23.556897,41.745336],[23.556994,41.745136],[23.557188,41.744835],[23.557345,41.744535],[23.557478,41.744298],[23.557563,41.744125],[23.557612,41.744039],[23.557745,41.743969],[23.557938,41.743831],[23.558011,41.743727],[23.558169,41.743562],[23.558387,41.74346],[23.558532,41.743418],[23.559137,41.743271],[23.559343,41.743265],[23.559488,41.743299],[23.559585,41.743294],[23.559718,41.743251],[23.5599,41.742901],[23.559973,41.7429],[23.560045,41.742927],[23.560094,41.742985],[23.560118,41.743107],[23.560179,41.743165],[23.560324,41.743218],[23.560566,41.743279],[23.560784,41.743349],[23.560941,41.743379],[23.56105,41.743418],[23.561244,41.743394],[23.561329,41.743339],[23.561425,41.743383],[23.561631,41.743498],[23.561837,41.743636],[23.56191,41.743663],[23.562055,41.743661],[23.562115,41.743697],[23.56214,41.743787],[23.562031,41.743915],[23.561788,41.744067],[23.561655,41.744177],[23.561595,41.744245],[23.561583,41.744358],[23.561607,41.744539],[23.561764,41.744669],[23.561849,41.744713],[23.561897,41.744712],[23.56203,41.744657],[23.562466,41.744458],[23.562563,41.744361],[23.562708,41.744274],[23.562878,41.744209],[23.562999,41.744131],[23.563229,41.743992],[23.563253,41.744119],[23.563217,41.744223],[23.563374,41.744226],[23.563508,41.744148],[23.563617,41.744061],[23.563653,41.743897],[23.563726,41.743775],[23.563823,41.743719],[23.563968,41.743659],[23.564137,41.743612],[23.564839,41.743668],[23.565663,41.743776],[23.56605,41.74384],[23.566462,41.743958],[23.566885,41.744026],[23.567394,41.744084],[23.568096,41.744135],[23.568544,41.744175],[23.568968,41.744175],[23.56881,41.744032],[23.568677,41.743785],[23.568617,41.743654],[23.568483,41.743475],[23.568375,41.743358],[23.56829,41.743251],[23.568181,41.74317],[23.568072,41.743076],[23.567818,41.742953],[23.567697,41.742877],[23.567576,41.742765],[23.567406,41.742645],[23.567128,41.742498],[23.56691,41.74241],[23.566632,41.742282],[23.566426,41.742221],[23.566196,41.742128],[23.565857,41.741978],[23.565579,41.741845],[23.565191,41.741678],[23.564949,41.74159],[23.564792,41.741528],[23.564659,41.741493],[23.564344,41.741442],[23.56386,41.741407],[23.563783,41.741465],[23.563679,41.741494],[23.563,41.74152],[23.562915,41.741509],[23.562811,41.741481],[23.562646,41.741443],[23.562479,41.741448],[23.562395,41.741504],[23.562213,41.741655],[23.562116,41.741692],[23.562019,41.741716],[23.562007,41.741657],[23.562019,41.741585],[23.562007,41.741508],[23.561959,41.741445],[23.561771,41.741414],[23.561571,41.741488],[23.561465,41.74151],[23.561342,41.741473],[23.56122,41.741366],[23.56106,41.741256],[23.560983,41.741223],[23.560893,41.741177],[23.560803,41.741116],[23.560686,41.74101],[23.560651,41.740975],[23.560797,41.740874],[23.561015,41.740971],[23.561221,41.741055],[23.56145,41.741165],[23.561668,41.74124],[23.561886,41.741274],[23.562165,41.741298],[23.562346,41.741319],[23.562552,41.741321],[23.562552,41.741253],[23.562504,41.741186],[23.562407,41.741133],[23.562358,41.741065],[23.562371,41.741002],[23.562504,41.741009],[23.562613,41.741022],[23.56271,41.741025],[23.562758,41.740993],[23.562782,41.740934],[23.562746,41.740871],[23.562713,41.740777],[23.562528,41.740735],[23.5623,41.740703],[23.562165,41.740714],[23.561959,41.740703],[23.561886,41.740672],[23.56179,41.740655],[23.561657,41.74058],[23.561439,41.740383],[23.561402,41.740302],[23.561451,41.740229],[23.561536,41.74021],[23.56162,41.740263],[23.561778,41.740379],[23.561887,41.740432],[23.561971,41.740445],[23.562008,41.740404],[23.561984,41.740205],[23.561911,41.740133],[23.561705,41.740054],[23.561439,41.740034],[23.561306,41.740036],[23.561172,41.740028],[23.56116,41.740096],[23.56116,41.7402],[23.561088,41.740206],[23.560942,41.74018],[23.560712,41.740151],[23.56064,41.740138],[23.560543,41.740085],[23.56047,41.740018],[23.560386,41.739996],[23.56024,41.739979],[23.559974,41.739964],[23.559853,41.739884],[23.559829,41.739812],[23.559853,41.739725],[23.559998,41.739692],[23.560107,41.739678],[23.560289,41.739698],[23.560471,41.739764],[23.560652,41.739753],[23.56087,41.739715],[23.561064,41.739731],[23.561233,41.739765],[23.561366,41.739718],[23.561487,41.739645],[23.561548,41.739558],[23.561548,41.739463],[23.561415,41.739392],[23.561282,41.739348],[23.560991,41.739288],[23.56087,41.739249],[23.560797,41.739191],[23.560786,41.739109],[23.560834,41.739036],[23.560991,41.739017],[23.561173,41.739092],[23.561415,41.739238],[23.5615,41.739255],[23.561548,41.739205],[23.561512,41.73912],[23.561439,41.739039],[23.561439,41.738935],[23.561451,41.738831],[23.5615,41.738731],[23.561609,41.738607],[23.56173,41.738511],[23.561839,41.738492],[23.561887,41.738537],[23.561911,41.738613],[23.561875,41.738686],[23.561802,41.738782],[23.561802,41.738895],[23.561839,41.739021],[23.561911,41.739106],[23.561948,41.739192],[23.561899,41.73931],[23.561875,41.739401],[23.561923,41.739468],[23.562081,41.73953],[23.562238,41.739637],[23.562286,41.739718],[23.562274,41.739872],[23.562289,41.740005],[23.5624,41.740073],[23.562606,41.740096],[23.562782,41.740055],[23.562924,41.740063],[23.563067,41.740045],[23.563134,41.739985],[23.563067,41.739876],[23.562937,41.739814],[23.562795,41.739803],[23.562662,41.739714],[23.562613,41.739642],[23.562702,41.73941],[23.562755,41.739224],[23.562754,41.738971],[23.562662,41.738723],[23.562626,41.73866],[23.562505,41.738616],[23.562408,41.738576],[23.562372,41.738513],[23.562508,41.73824],[23.562586,41.738064],[23.562614,41.737868],[23.562348,41.737772],[23.561827,41.737533],[23.561428,41.737388],[23.561052,41.737215],[23.560605,41.73703],[23.56035,41.736933],[23.560121,41.736804],[23.559612,41.736543],[23.559273,41.736397],[23.559068,41.736291],[23.55891,41.736197],[23.558765,41.736095],[23.55862,41.736047],[23.558402,41.735918],[23.55764,41.735482],[23.558039,41.735474],[23.558596,41.735413],[23.558838,41.735375],[23.55902,41.73535],[23.559286,41.735298],[23.55971,41.73523],[23.559939,41.735177],[23.560303,41.735074],[23.560617,41.735003],[23.560896,41.734927],[23.561126,41.734853],[23.561635,41.734711],[23.561828,41.734651],[23.562022,41.734608],[23.562264,41.734542],[23.562421,41.734522],[23.562627,41.734488],[23.562748,41.734437],[23.562966,41.734367],[23.563111,41.734252],[23.563002,41.734122],[23.562736,41.734053],[23.562518,41.734014],[23.56201,41.733934],[23.56178,41.733868],[23.561526,41.733839],[23.561187,41.733703],[23.560836,41.733534],[23.560618,41.733374],[23.560303,41.733219],[23.559783,41.73293],[23.559384,41.732731],[23.559045,41.732581],[23.558658,41.732431],[23.558307,41.73224],[23.558173,41.732174],[23.558016,41.732022],[23.55781,41.731807],[23.557556,41.731628],[23.557302,41.731477],[23.557048,41.731371],[23.556746,41.731261],[23.556443,41.731179],[23.556056,41.731061],[23.555632,41.73088],[23.555305,41.730725],[23.555088,41.730682],[23.554882,41.730634],[23.554495,41.730643],[23.554168,41.730633],[23.553938,41.730635],[23.553623,41.730584],[23.553333,41.730497],[23.552788,41.730231],[23.552352,41.730086],[23.551989,41.729914],[23.551517,41.72976],[23.551287,41.729645],[23.551142,41.729506],[23.550997,41.729332],[23.550888,41.729152],[23.550598,41.728806],[23.550525,41.728676],[23.550429,41.728564],[23.550368,41.72846],[23.550078,41.728237],[23.54986,41.728108],[23.549727,41.727983],[23.549654,41.72788],[23.549606,41.727753],[23.549521,41.727655],[23.54934,41.727517],[23.549086,41.727352],[23.548699,41.727161],[23.548348,41.726998],[23.547973,41.726866],[23.54767,41.726765],[23.54744,41.726623],[23.547247,41.726489],[23.546872,41.726285],[23.546484,41.726099],[23.546194,41.725912],[23.545819,41.725717],[23.545553,41.725661],[23.545432,41.725703],[23.545274,41.725745],[23.545153,41.725728],[23.544984,41.725653],[23.544379,41.725668],[23.543943,41.725669],[23.543979,41.725514],[23.5441,41.725386],[23.544282,41.725299],[23.544452,41.725093],[23.544573,41.724988],[23.544851,41.724777],[23.545178,41.724506],[23.54542,41.724336],[23.545881,41.723856],[23.545965,41.723751],[23.546111,41.723623],[23.546317,41.723395],[23.546438,41.723195],[23.546583,41.723039],[23.546837,41.722842],[23.547128,41.722703],[23.547321,41.72266],[23.547491,41.722659],[23.547648,41.722666],[23.547806,41.722642],[23.547999,41.722653],[23.548483,41.722712],[23.548629,41.722755],[23.54881,41.722799],[23.549173,41.722835],[23.549391,41.722901],[23.549742,41.722992],[23.54996,41.723017],[23.550028,41.723032],[23.549993,41.722914],[23.549932,41.722828],[23.549764,41.722739],[23.549487,41.722635],[23.549343,41.7226],[23.549139,41.722541],[23.548706,41.722501],[23.54855,41.722492],[23.548393,41.722461],[23.548309,41.722403],[23.548249,41.722344],[23.548213,41.722299],[23.548177,41.722232],[23.548116,41.722061],[23.548068,41.721957],[23.547851,41.721746],[23.547731,41.721647],[23.547574,41.721548],[23.547165,41.721314],[23.547057,41.721265],[23.546865,41.721234],[23.546492,41.721225],[23.546252,41.721239],[23.546132,41.721253],[23.545854,41.721249],[23.545953,41.720864],[23.545977,41.720706],[23.545965,41.720499],[23.545964,41.720206],[23.54589,41.719887],[23.54583,41.719711],[23.545769,41.719446],[23.545744,41.719316],[23.545744,41.719207],[23.54584,41.719045],[23.545924,41.718922],[23.54596,41.718792],[23.545947,41.718553],[23.545897,41.718026],[23.545871,41.717454],[23.545811,41.717279],[23.545701,41.717064],[23.545689,41.716919],[23.545701,41.71678],[23.545711,41.716158],[23.545843,41.716054],[23.546157,41.71602],[23.546398,41.716046],[23.546747,41.716093],[23.547133,41.716127],[23.547423,41.716112],[23.547676,41.716043],[23.547977,41.715991],[23.54817,41.715976],[23.548435,41.71602],[23.548689,41.716149],[23.549003,41.716282],[23.54934,41.716352],[23.549979,41.716402],[23.550606,41.716394],[23.551101,41.716395],[23.551414,41.716389],[23.551836,41.716328],[23.552077,41.71625],[23.552414,41.716122],[23.552932,41.715956],[23.553353,41.715855],[23.553751,41.715744],[23.55386,41.715861],[23.554101,41.71576],[23.554329,41.715651],[23.55451,41.715591],[23.554679,41.715549],[23.554871,41.715521],[23.55522,41.715195],[23.555412,41.714901],[23.555484,41.714765],[23.555508,41.714652],[23.555628,41.714629],[23.555737,41.714687],[23.55593,41.714816],[23.556003,41.714956],[23.556039,41.715086],[23.556004,41.715284],[23.555872,41.715623],[23.5558,41.71575],[23.555825,41.715858],[23.555897,41.715875],[23.556006,41.715834],[23.556162,41.715729],[23.556234,41.715634],[23.556258,41.715472],[23.55633,41.715404],[23.55645,41.715349],[23.556571,41.715313],[23.556643,41.715299],[23.556883,41.715135],[23.556968,41.715103],[23.557064,41.715107],[23.557209,41.715182],[23.557511,41.715397],[23.557958,41.715669],[23.558212,41.715802],[23.558345,41.715941],[23.558417,41.716076],[23.55849,41.716161],[23.558599,41.716228],[23.558695,41.716223],[23.558803,41.716191],[23.558815,41.716109],[23.558779,41.715984],[23.558718,41.715862],[23.558706,41.715727],[23.558729,41.715646],[23.55879,41.715614],[23.558862,41.715636],[23.558911,41.715748],[23.559104,41.715981],[23.559213,41.716089],[23.55931,41.716169],[23.559382,41.71616],[23.559442,41.716124],[23.559418,41.716043],[23.559369,41.715921],[23.559357,41.715791],[23.559333,41.715705],[23.55926,41.715598],[23.55909,41.715441],[23.55903,41.715356],[23.558945,41.715262],[23.558933,41.715122],[23.558956,41.714928],[23.559004,41.714892],[23.559077,41.714901],[23.559198,41.715017],[23.559282,41.715026],[23.559318,41.714985],[23.559354,41.714903],[23.559462,41.714732],[23.55957,41.714614],[23.559931,41.714431],[23.560244,41.714348],[23.560485,41.714257],[23.56069,41.714202],[23.56104,41.714186],[23.561136,41.714194],[23.561232,41.714194],[23.561269,41.714148],[23.561268,41.714072],[23.561183,41.713888],[23.561014,41.713636],[23.560881,41.713489],[23.560724,41.713323],[23.560687,41.713228],[23.560651,41.713161],[23.560506,41.713027],[23.56024,41.71274],[23.560312,41.71269],[23.56042,41.71264],[23.560589,41.712549],[23.560805,41.712381],[23.561249,41.711919],[23.561562,41.711656],[23.561887,41.711374],[23.562151,41.711161],[23.562452,41.710997],[23.562729,41.71086],[23.562958,41.710777],[23.563187,41.710767],[23.563488,41.710765],[23.563777,41.71075],[23.564344,41.710661],[23.565066,41.71049],[23.565524,41.710397],[23.565825,41.710327],[23.566018,41.710304],[23.566271,41.710261],[23.566548,41.710201],[23.566765,41.710132],[23.566994,41.710068],[23.56715,41.709986],[23.567307,41.709944],[23.56756,41.709938],[23.567933,41.709886],[23.568054,41.709876],[23.568198,41.709794],[23.568259,41.709794],[23.568198,41.709727],[23.567993,41.709652],[23.567764,41.709599],[23.567474,41.70952],[23.567196,41.709355],[23.566894,41.709041],[23.566737,41.708817],[23.566652,41.708615],[23.566602,41.708255],[23.566637,41.707822],[23.566685,41.707606],[23.566901,41.707406],[23.567093,41.707256],[23.567274,41.707165],[23.567454,41.707033],[23.56755,41.706947],[23.56773,41.70673],[23.56785,41.70654],[23.567898,41.706391],[23.567958,41.706174],[23.567993,41.705935],[23.568016,41.705723],[23.568015,41.705237],[23.567954,41.704895],[23.567929,41.704697],[23.567868,41.704481],[23.567722,41.704117],[23.567443,41.703484],[23.567334,41.703268],[23.567659,41.70319],[23.567948,41.703107],[23.568502,41.702982],[23.568767,41.702967],[23.568911,41.702975],[23.569717,41.702492],[23.570187,41.702201],[23.570535,41.701933],[23.570776,41.70176],[23.570944,41.701647],[23.571233,41.701411],[23.571581,41.701188],[23.571967,41.701041],[23.572328,41.700886],[23.572556,41.700808],[23.57382,41.700264],[23.574097,41.700068],[23.574397,41.699742],[23.574782,41.699397],[23.574902,41.699275],[23.575058,41.699062],[23.57517,41.69905],[23.575193,41.699066],[23.575422,41.699192],[23.575867,41.699268],[23.576071,41.699277],[23.576984,41.699388],[23.577369,41.699369],[23.577621,41.699396],[23.577969,41.699441],[23.578198,41.699517],[23.57845,41.699697],[23.578547,41.699845],[23.578595,41.70002],[23.578608,41.700209],[23.578668,41.700331],[23.578801,41.700488],[23.578933,41.700632],[23.579042,41.700857],[23.579151,41.701235],[23.579211,41.701343],[23.579284,41.701424],[23.579416,41.701545],[23.579536,41.701614],[23.580726,41.700533],[23.581214,41.70003],[23.580863,41.699903],[23.580634,41.6998],[23.580374,41.699651],[23.580206,41.699491],[23.580054,41.699365],[23.57987,41.699205],[23.579702,41.69909],[23.579534,41.698987],[23.579351,41.698907],[23.579183,41.698827],[23.578984,41.698689],[23.578694,41.698506],[23.57845,41.698345],[23.577762,41.697967],[23.577655,41.697933],[23.577549,41.697864],[23.577381,41.697772],[23.577304,41.697681],[23.577228,41.697566],[23.577182,41.697429],[23.577152,41.697303],[23.577091,41.69712],[23.576984,41.696948],[23.576816,41.696696],[23.576648,41.696536],[23.576495,41.696433],[23.575838,41.696032],[23.57564,41.695963],[23.575389,41.695907],[23.575151,41.695871],[23.574891,41.695825],[23.574448,41.69563],[23.574234,41.695561],[23.573685,41.695423],[23.573288,41.695366],[23.572936,41.695331],[23.572264,41.69533],[23.57202,41.695353],[23.571821,41.695353],[23.571501,41.69533],[23.571119,41.695261],[23.570554,41.69518],[23.570279,41.695122],[23.570019,41.695031],[23.569867,41.694916],[23.569812,41.694775],[23.56972,41.694707],[23.569583,41.694638],[23.56946,41.694603],[23.569292,41.694568],[23.569108,41.694591],[23.568925,41.69459],[23.568772,41.694556],[23.568512,41.694475],[23.568237,41.694371],[23.567839,41.694267],[23.567457,41.69414],[23.567105,41.694048],[23.566692,41.693978],[23.566279,41.693943],[23.565697,41.693884],[23.565529,41.693861],[23.565392,41.693792],[23.565132,41.693723],[23.564963,41.693734],[23.56481,41.693733],[23.564642,41.693676],[23.564766,41.693378],[23.564875,41.693172],[23.564998,41.693001],[23.565122,41.692898],[23.565567,41.692739],[23.565843,41.692625],[23.566119,41.692523],[23.566457,41.692478],[23.566763,41.692444],[23.56658,41.692272],[23.566383,41.692054],[23.566154,41.691824],[23.565941,41.691663],[23.565682,41.691502],[23.56533,41.691364],[23.564917,41.691249],[23.564489,41.69119],[23.563984,41.691132],[23.563356,41.691119],[23.562713,41.691083],[23.5623,41.691048],[23.56178,41.690966],[23.561336,41.690942],[23.560923,41.690907],[23.560571,41.690826],[23.559685,41.690503],[23.559456,41.690411],[23.559303,41.690365],[23.558982,41.690238],[23.558448,41.689928],[23.558311,41.689802],[23.558269,41.689147],[23.5585,41.68885],[23.558608,41.688747],[23.558655,41.688633],[23.55864,41.688495],[23.55858,41.688369],[23.558382,41.688163],[23.558322,41.688048],[23.558279,41.687602],[23.558191,41.686915],[23.557965,41.686446],[23.557704,41.686434],[23.557169,41.686329],[23.556695,41.686225],[23.556145,41.686075],[23.556468,41.685904],[23.556698,41.685801],[23.556943,41.685744],[23.557235,41.685631],[23.557588,41.685505],[23.557879,41.685392],[23.558094,41.685346],[23.558309,41.68529],[23.5586,41.685153],[23.558769,41.685039],[23.559,41.684856],[23.559169,41.684731],[23.559492,41.684537],[23.559738,41.684423],[23.559861,41.684286],[23.56,41.684091],[23.560062,41.683943],[23.560155,41.683794],[23.560247,41.683714],[23.56037,41.683657],[23.560539,41.683589],[23.560707,41.683532],[23.56083,41.683498],[23.560907,41.683452],[23.561076,41.683361],[23.561291,41.683201],[23.561537,41.68303],[23.56166,41.682962],[23.561844,41.682894],[23.562212,41.682849],[23.56235,41.682815],[23.562457,41.68278],[23.562549,41.682724],[23.562656,41.682689],[23.56284,41.682678],[23.563024,41.682713],[23.563253,41.682771],[23.56362,41.682875],[23.563788,41.682955],[23.56394,41.682978],[23.564063,41.68299],[23.564262,41.682991],[23.564522,41.683003],[23.564675,41.683026],[23.564858,41.683083],[23.565041,41.68313],[23.565469,41.683256],[23.565683,41.683291],[23.565867,41.68328],[23.566082,41.683235],[23.566235,41.683178],[23.566603,41.682984],[23.566742,41.682904],[23.566865,41.682859],[23.567048,41.682814],[23.567294,41.682722],[23.567846,41.682563],[23.568092,41.682438],[23.568307,41.682301],[23.56863,41.682073],[23.568401,41.681912],[23.568127,41.681705],[23.567989,41.681648],[23.567837,41.68159],[23.567699,41.681544],[23.567562,41.681475],[23.567379,41.681395],[23.567104,41.681222],[23.567044,41.681142],[23.566967,41.681062],[23.566861,41.680993],[23.566738,41.680993],[23.56657,41.681027],[23.566401,41.681049],[23.566233,41.68106],[23.56608,41.681049],[23.565942,41.681014],[23.565789,41.681048],[23.565575,41.681036],[23.565407,41.681001],[23.565162,41.680943],[23.564963,41.680943],[23.564764,41.680977],[23.564473,41.681068],[23.563675,41.681306],[23.563476,41.681386],[23.5632,41.681443],[23.56294,41.681477],[23.562725,41.681499],[23.562342,41.681613],[23.562219,41.681658],[23.562112,41.681646],[23.561975,41.681612],[23.561852,41.681589],[23.561699,41.6816],[23.561577,41.681634],[23.561438,41.681679],[23.561285,41.68169],[23.561163,41.681679],[23.560781,41.681517],[23.560475,41.681483],[23.560215,41.681482],[23.559894,41.681504],[23.559679,41.681504],[23.559266,41.68148],[23.559052,41.681445],[23.558823,41.681387],[23.558548,41.681284],[23.558228,41.681168],[23.557495,41.680823],[23.557373,41.68072],[23.55687,41.680501],[23.556457,41.680397],[23.556657,41.68018],[23.556903,41.679998],[23.557088,41.679826],[23.557227,41.679644],[23.55735,41.679529],[23.557473,41.679461],[23.557596,41.679381],[23.557796,41.679302],[23.558041,41.679211],[23.558379,41.67904],[23.558594,41.678937],[23.558778,41.678812],[23.558932,41.678686],[23.55904,41.678618],[23.559346,41.678481],[23.559607,41.678344],[23.559777,41.678184],[23.560038,41.678002],[23.560253,41.677842],[23.56073,41.677534],[23.560579,41.677225],[23.560519,41.677041],[23.560504,41.676881],[23.560506,41.67664],[23.560476,41.676503],[23.560401,41.676297],[23.560325,41.676148],[23.56019,41.675724],[23.560115,41.675518],[23.560026,41.675094],[23.560027,41.674888],[23.559965,41.674723],[23.559964,41.674528],[23.559948,41.674391],[23.560039,41.674265],[23.560145,41.674162],[23.560221,41.674082],[23.560405,41.674024],[23.560726,41.673944],[23.561031,41.673829],[23.56126,41.673748],[23.56152,41.673622],[23.561657,41.673496],[23.561839,41.673301],[23.562052,41.673107],[23.56222,41.67298],[23.562464,41.672866],[23.562708,41.672728],[23.562937,41.672613],[23.563227,41.67243],[23.563455,41.672246],[23.564019,41.671754],[23.56411,41.671628],[23.564186,41.671467],[23.564215,41.671296],[23.564344,41.670921],[23.564007,41.671214],[23.562993,41.671852],[23.562599,41.671997],[23.562237,41.672125],[23.561747,41.67204],[23.561233,41.671896],[23.561167,41.671739],[23.561136,41.671676],[23.560993,41.671471],[23.560938,41.671403],[23.560873,41.671334],[23.560682,41.671093],[23.560552,41.670983],[23.560516,41.670928],[23.560472,41.670872],[23.560448,41.670818],[23.560457,41.670767],[23.560493,41.670722],[23.560498,41.670672],[23.560409,41.670609],[23.56037,41.670577],[23.560334,41.670533],[23.560032,41.670098],[23.559839,41.669891],[23.559721,41.669749],[23.559478,41.669497],[23.559408,41.669429],[23.559253,41.669295],[23.559111,41.669153],[23.559041,41.669076],[23.558812,41.668869],[23.55859,41.668641],[23.55812,41.668223],[23.557992,41.668078],[23.55791,41.668004],[23.557816,41.667935],[23.557722,41.667883],[23.557614,41.667838],[23.557385,41.667765],[23.556956,41.667607],[23.556761,41.667497],[23.556397,41.667192],[23.556057,41.666886],[23.555621,41.66656],[23.555438,41.666436],[23.555358,41.666364],[23.555293,41.666292],[23.555025,41.665922],[23.554977,41.665846],[23.554918,41.665716],[23.554904,41.665662],[23.554887,41.665565],[23.554856,41.665545],[23.554774,41.665479],[23.554554,41.665284],[23.55447,41.66522],[23.554301,41.665079],[23.55413,41.664953],[23.55361,41.664641],[23.553374,41.664535],[23.553157,41.664421],[23.552598,41.664145],[23.552485,41.664093],[23.552386,41.664053],[23.552259,41.664011],[23.552196,41.663877],[23.55228,41.663851],[23.55253,41.663722],[23.552857,41.663537],[23.553049,41.663409],[23.553157,41.663346],[23.553373,41.663257],[23.553571,41.663189],[23.553756,41.663091],[23.55384,41.663041],[23.553981,41.662945],[23.554136,41.662847],[23.5544,41.663027],[23.554579,41.663135],[23.554676,41.663208],[23.554788,41.663079],[23.554836,41.663014],[23.554975,41.662807],[23.555081,41.662664],[23.555126,41.662592],[23.555153,41.662522],[23.555155,41.662464],[23.555133,41.66241],[23.555083,41.662372],[23.555001,41.662349],[23.554815,41.66232],[23.554618,41.662269],[23.554524,41.66224],[23.554444,41.662209],[23.554377,41.662177],[23.554334,41.66213],[23.554302,41.662073],[23.554285,41.662013],[23.55428,41.661955],[23.554299,41.661903],[23.554352,41.661853],[23.554417,41.661806],[23.554485,41.661768],[23.554537,41.661732],[23.554561,41.661685],[23.554551,41.661575],[23.554505,41.661379],[23.554524,41.661312],[23.554572,41.661249],[23.554635,41.661182],[23.554683,41.661115],[23.554721,41.661051],[23.55475,41.660986],[23.554788,41.66084],[23.554795,41.660764],[23.55478,41.660694],[23.554599,41.66015],[23.554596,41.660067],[23.554615,41.65991],[23.554651,41.659835],[23.554711,41.659764],[23.554786,41.659694],[23.554944,41.659564],[23.555004,41.659501],[23.555035,41.659432],[23.555055,41.659358],[23.555076,41.659139],[23.555114,41.659065],[23.555217,41.658919],[23.55526,41.658848],[23.555291,41.658773],[23.55537,41.658531],[23.555433,41.658378],[23.555471,41.6583],[23.555519,41.658226],[23.555639,41.658104],[23.555754,41.657995],[23.555913,41.657812],[23.556109,41.657638],[23.556151,41.657584],[23.556162,41.657521],[23.556222,41.657305],[23.556238,41.657231],[23.55626,41.65708],[23.556269,41.656813],[23.556289,41.656683],[23.556151,41.656604],[23.555999,41.656531],[23.555823,41.656457],[23.555715,41.656399],[23.555669,41.65637],[23.556051,41.65637],[23.55615,41.656366],[23.556239,41.656345],[23.556316,41.656314],[23.556386,41.656274],[23.556448,41.656224],[23.556482,41.656159],[23.556506,41.656083],[23.556515,41.656013],[23.556517,41.655883],[23.556539,41.655813],[23.556582,41.655746],[23.556635,41.655683],[23.556688,41.655631],[23.556868,41.655483],[23.556904,41.655461],[23.556945,41.655427],[23.557022,41.655385],[23.557135,41.655335],[23.557195,41.655313],[23.557262,41.655307],[23.557373,41.655334],[23.55764,41.655413],[23.557816,41.655458],[23.557905,41.655472],[23.557979,41.655454],[23.558035,41.655429],[23.55807,41.655396],[23.558073,41.655333],[23.557984,41.655206],[23.55801,41.655114],[23.558046,41.65506],[23.558077,41.655],[23.558096,41.654946],[23.558077,41.654912],[23.558024,41.654883],[23.557875,41.654842],[23.55772,41.654812],[23.557819,41.654655],[23.557898,41.654633],[23.557949,41.654651],[23.558004,41.654687],[23.558115,41.654771],[23.558185,41.654804],[23.558349,41.654847],[23.558442,41.654865],[23.558637,41.654884],[23.558731,41.654889],[23.558909,41.654896],[23.558984,41.654891],[23.559034,41.654857],[23.559049,41.654813],[23.559037,41.654757],[23.558993,41.654698],[23.558926,41.65464],[23.558668,41.65448],[23.558468,41.654279],[23.558378,41.654212],[23.55808,41.65406],[23.557974,41.654013],[23.557449,41.65383],[23.557364,41.653794],[23.557304,41.653758],[23.557285,41.653709],[23.557302,41.653657],[23.557345,41.653596],[23.55741,41.653536],[23.557664,41.653343],[23.5577,41.653303],[23.557671,41.653253],[23.557611,41.653251],[23.557481,41.653271],[23.557416,41.653272],[23.557344,41.653252],[23.557274,41.653223],[23.557159,41.653158],[23.557094,41.653129],[23.557029,41.653114],[23.556961,41.653112],[23.556904,41.653126],[23.55687,41.653151],[23.556868,41.6532],[23.556914,41.653314],[23.556931,41.653368],[23.556916,41.653427],[23.556885,41.653452],[23.556827,41.653481],[23.556707,41.653532],[23.556606,41.653536],[23.556519,41.653496],[23.556486,41.653451],[23.556461,41.653404],[23.556449,41.653352],[23.556435,41.653185],[23.556415,41.653134],[23.556372,41.653104],[23.556314,41.653078],[23.556261,41.653069],[23.556196,41.653073],[23.556037,41.6531],[23.555951,41.653109],[23.555677,41.653123],[23.555638,41.653166],[23.555706,41.65322],[23.555775,41.653245],[23.555852,41.653254],[23.556088,41.653268],[23.556141,41.653288],[23.556182,41.653318],[23.556211,41.653358],[23.556231,41.653396],[23.556226,41.653473],[23.556204,41.653511],[23.556171,41.653547],[23.55612,41.653581],[23.55606,41.653601],[23.555981,41.65361],[23.555889,41.653601],[23.555805,41.653582],[23.555646,41.653524],[23.555564,41.653487],[23.555369,41.653393],[23.555186,41.653287],[23.554745,41.653016],[23.55469,41.653],[23.554582,41.653021],[23.554505,41.653084],[23.554459,41.653115],[23.554406,41.653142],[23.554303,41.653155],[23.554245,41.65315],[23.554185,41.653139],[23.554134,41.65311],[23.554103,41.653065],[23.554088,41.653018],[23.554081,41.652966],[23.554081,41.652914],[23.554088,41.652815],[23.554126,41.652622],[23.554123,41.652341],[23.554137,41.652267],[23.554212,41.652267],[23.554301,41.652324],[23.554376,41.652349],[23.554546,41.652355],[23.554621,41.652353],[23.554691,41.652347],[23.554739,41.652326],[23.554768,41.652288],[23.554792,41.65223],[23.554806,41.652153],[23.554801,41.652082],[23.554743,41.651866],[23.554692,41.651629],[23.554636,41.651472],[23.554614,41.651393],[23.554607,41.651315],[23.554607,41.651175],[23.554626,41.651121],[23.554657,41.651068],[23.554705,41.651025],[23.554775,41.650998],[23.554871,41.650991],[23.554984,41.650994],[23.555357,41.651017],[23.55548,41.651029],[23.555845,41.651054],[23.555961,41.651043],[23.556086,41.651025],[23.556552,41.650916],[23.556815,41.650869],[23.557182,41.650777],[23.5573,41.650757],[23.557551,41.65074],[23.557784,41.6507],[23.557907,41.650675],[23.558161,41.650635],[23.558279,41.650618],[23.558517,41.650593],[23.558703,41.650559],[23.558836,41.650522],[23.558888,41.650542],[23.559112,41.650603],[23.559374,41.650698],[23.559617,41.650811],[23.559887,41.650906],[23.560015,41.650956],[23.560133,41.650994],[23.560544,41.651071],[23.560941,41.65113],[23.561069,41.651135],[23.561471,41.651137],[23.561586,41.651147],[23.561841,41.651185],[23.562217,41.651251],[23.562332,41.651265],[23.562443,41.651274],[23.562886,41.651266],[23.562975,41.651277],[23.563143,41.651329],[23.563213,41.651356],[23.563251,41.651378],[23.563264,41.651406],[23.56336,41.651337],[23.563467,41.651242],[23.563528,41.651173],[23.563597,41.651103],[23.563677,41.651031],[23.564032,41.650747],[23.564195,41.650655],[23.564256,41.650635],[23.564527,41.650489],[23.565015,41.650296],[23.565351,41.650173],[23.565366,41.650156],[23.565486,41.650079],[23.56589,41.64986],[23.566089,41.64973],[23.56619,41.649656],[23.566279,41.64958],[23.566651,41.649292],[23.566834,41.649144],[23.566908,41.649071],[23.56698,41.648994],[23.567047,41.648907],[23.567069,41.648826],[23.567051,41.648588],[23.567061,41.648424],[23.567072,41.648343],[23.567099,41.64826],[23.567149,41.648172],[23.567214,41.648089],[23.567296,41.648013],[23.567507,41.647889],[23.567629,41.647829],[23.567966,41.647677],[23.568175,41.647555],[23.568261,41.647481],[23.568405,41.647334],[23.568682,41.647112],[23.568758,41.647039],[23.568895,41.646885],[23.568979,41.646809],[23.569219,41.646569],[23.56957,41.646266],[23.569642,41.646189],[23.569824,41.645952],[23.569901,41.645877],[23.570103,41.645741],[23.570297,41.645602],[23.570511,41.64547],[23.570605,41.6454],[23.570861,41.645165],[23.570926,41.645091],[23.570977,41.645012],[23.571046,41.644848],[23.571067,41.644769],[23.57112,41.644612],[23.571201,41.64445],[23.571446,41.644055],[23.57157,41.64381],[23.571817,41.643488],[23.572055,41.643236],[23.572115,41.643144],[23.572122,41.64312],[23.572143,41.643121],[23.572237,41.643138],[23.572339,41.643163],[23.572444,41.643196],[23.573222,41.643501],[23.573338,41.643522],[23.573453,41.643533],[23.573571,41.643531],[23.5738,41.643523],[23.573913,41.643509],[23.574328,41.643371],[23.574583,41.643273],[23.574807,41.643176],[23.574989,41.643084],[23.575345,41.642896],[23.575434,41.642844],[23.575609,41.642732],[23.575792,41.642627],[23.575955,41.642519],[23.576034,41.642457],[23.576186,41.64232],[23.576255,41.642251],[23.576351,41.642113],[23.576382,41.642032],[23.576425,41.641886],[23.576444,41.641748],[23.57644,41.641609],[23.57635,41.641612],[23.576073,41.64158],[23.5753,41.641422],[23.575202,41.641422],[23.575101,41.641432],[23.575017,41.641461],[23.574952,41.6415],[23.574901,41.641547],[23.574853,41.641605],[23.574803,41.641675],[23.574717,41.64183],[23.574616,41.64198],[23.574532,41.642135],[23.57448,41.642207],[23.574403,41.64226],[23.574311,41.642303],[23.574213,41.642337],[23.573997,41.642399],[23.573879,41.642417],[23.573379,41.64247],[23.573256,41.642481],[23.573116,41.642488],[23.572996,41.642483],[23.572868,41.642469],[23.572743,41.642446],[23.572618,41.64241],[23.572428,41.642335],[23.572274,41.642268],[23.572161,41.642232],[23.572108,41.642211],[23.571886,41.64215],[23.571787,41.642132],[23.571679,41.642121],[23.571468,41.64212],[23.571232,41.642144],[23.571121,41.642165],[23.570756,41.642211],[23.570412,41.642266],[23.570282,41.642282],[23.56997,41.642347],[23.569842,41.642364],[23.569724,41.642364],[23.569493,41.642346],[23.569139,41.642334],[23.568796,41.642376],[23.568582,41.642407],[23.568233,41.642436],[23.568122,41.642442],[23.567718,41.642423],[23.567648,41.642426],[23.567586,41.642435],[23.56753,41.642453],[23.567439,41.642497],[23.567396,41.642513],[23.567331,41.642522],[23.567276,41.642539],[23.56718,41.642535],[23.566717,41.642448],[23.566508,41.642385],[23.566412,41.642359],[23.566291,41.642326],[23.566183,41.64231],[23.56607,41.642299],[23.565464,41.642309],[23.565233,41.642309],[23.565117,41.642304],[23.564985,41.642295],[23.564501,41.642215],[23.564268,41.642156],[23.564152,41.642122],[23.563675,41.641949],[23.563425,41.641877],[23.5633,41.641845],[23.563054,41.641763],[23.562713,41.64161],[23.56259,41.641565],[23.562387,41.641471],[23.561744,41.64112],[23.561511,41.641035],[23.561398,41.640987],[23.561196,41.640886],[23.561106,41.640827],[23.561022,41.640766],[23.560856,41.640629],[23.560766,41.640561],[23.56067,41.640496],[23.560504,41.640359],[23.56034,41.64021],[23.560159,41.64007],[23.56008,41.640001],[23.560012,41.639926],[23.559959,41.639854],[23.559887,41.639717],[23.559793,41.639582],[23.559648,41.639422],[23.559582,41.639478],[23.559518,41.639692],[23.559306,41.63993],[23.558978,41.640091],[23.558449,41.640191],[23.557688,41.638998],[23.557247,41.637983],[23.55717,41.637666],[23.556766,41.63744],[23.556304,41.637366],[23.555832,41.637349],[23.555303,41.63735],[23.555088,41.637309],[23.555063,41.63732],[23.554715,41.636907],[23.554368,41.636211],[23.554158,41.635548],[23.553992,41.635049],[23.554061,41.63486],[23.554037,41.634747],[23.554185,41.634629],[23.554188,41.634423],[23.553987,41.63358],[23.554032,41.633305],[23.554012,41.633082],[23.553847,41.63293],[23.553399,41.632634],[23.552985,41.632146],[23.553093,41.63165],[23.552739,41.632184],[23.552059,41.633188],[23.551574,41.633869],[23.551306,41.634196],[23.551278,41.634597],[23.551121,41.635111],[23.550977,41.635387],[23.550765,41.635446],[23.550467,41.635438],[23.550269,41.635468],[23.549838,41.635878],[23.548731,41.635645],[23.547913,41.635621],[23.546994,41.635443],[23.546805,41.63541],[23.546369,41.635335],[23.546214,41.635579],[23.545818,41.636201],[23.545082,41.636648],[23.544918,41.636775],[23.544686,41.636984],[23.544496,41.637214],[23.544162,41.6375],[23.544119,41.637532],[23.544098,41.637482],[23.544028,41.63739],[23.543778,41.637017],[23.542996,41.635733],[23.542843,41.635508],[23.542478,41.635611],[23.542026,41.63567],[23.540243,41.635843],[23.539454,41.63591],[23.538737,41.635966],[23.537861,41.635942],[23.536866,41.63563],[23.536319,41.63537],[23.534975,41.634661],[23.534573,41.634253],[23.534326,41.634383],[23.534377,41.634282],[23.534445,41.634127],[23.534258,41.633705],[23.534196,41.633129],[23.534179,41.632641],[23.534072,41.632322],[23.533994,41.631955],[23.533532,41.631587],[23.532964,41.631262],[23.532827,41.631028],[23.532539,41.630577],[23.532134,41.63031],[23.531594,41.629842],[23.530814,41.628999],[23.530504,41.628364],[23.530292,41.627713],[23.530198,41.626811],[23.530207,41.626629],[23.530134,41.625773],[23.529811,41.625613],[23.52972,41.625846],[23.529354,41.626462],[23.528998,41.626852],[23.528815,41.627274],[23.528909,41.627406],[23.528942,41.627492],[23.528932,41.628007],[23.528705,41.628809],[23.528506,41.629573],[23.528144,41.630036],[23.527728,41.630426],[23.527235,41.631382],[23.526834,41.631444],[23.52656,41.631924],[23.526276,41.632664],[23.525813,41.632931],[23.525528,41.633221],[23.525589,41.633672],[23.525478,41.633863],[23.52502,41.634283],[23.524813,41.634894],[23.524837,41.635039],[23.524791,41.635002],[23.524655,41.634866],[23.524602,41.634807],[23.524494,41.634704],[23.524328,41.634559],[23.524231,41.634487],[23.524176,41.634453],[23.524114,41.634423],[23.524044,41.634396],[23.523892,41.634358],[23.523729,41.634335],[23.523299,41.634292],[23.523126,41.634278],[23.522958,41.634269],[23.522871,41.634265],[23.522619,41.634269],[23.522463,41.634282],[23.522299,41.634309],[23.522225,41.634325],[23.5221,41.634363],[23.521997,41.634399],[23.521939,41.634424],[23.521889,41.634439],[23.52169,41.634434],[23.521623,41.634449],[23.521558,41.634465],[23.521203,41.634577],[23.521129,41.634606],[23.52099,41.634671],[23.520786,41.634776],[23.52064,41.634853],[23.520503,41.634943],[23.520443,41.63499],[23.520391,41.635039],[23.520311,41.635135],[23.520223,41.63523],[23.520118,41.635335],[23.519976,41.635492],[23.519717,41.635761],[23.519607,41.635858],[23.519207,41.636096],[23.519142,41.636131],[23.518929,41.63623],[23.518862,41.636268],[23.51873,41.636355],[23.518603,41.636445],[23.518488,41.636547],[23.518284,41.636744],[23.518119,41.636894],[23.518061,41.636943],[23.517937,41.637036],[23.517819,41.637136],[23.517714,41.637239],[23.517613,41.63735],[23.517395,41.637552],[23.517261,41.6377],[23.51717,41.637783],[23.517117,41.637812],[23.517062,41.637832],[23.517007,41.637839],[23.516733,41.63785],[23.516587,41.63785],[23.516371,41.637836],[23.516299,41.637842],[23.516229,41.637854],[23.516088,41.63789],[23.515941,41.637937],[23.515865,41.637966],[23.515795,41.637997],[23.515601,41.638098],[23.515539,41.638125],[23.515254,41.638232],[23.515225,41.638362],[23.515188,41.638596],[23.515031,41.638409],[23.515175,41.637755],[23.515162,41.637375],[23.515104,41.637022],[23.514916,41.636698],[23.514772,41.636434],[23.514703,41.63621],[23.514759,41.635961],[23.514979,41.635531],[23.515124,41.635081],[23.515111,41.634763],[23.515122,41.634181],[23.515185,41.633727],[23.514978,41.633668],[23.513422,41.635225],[23.511834,41.635134],[23.510873,41.635135],[23.509776,41.635119],[23.508804,41.635028],[23.50838,41.634693],[23.507937,41.634377],[23.507456,41.634092],[23.506801,41.633959],[23.505974,41.633943],[23.505387,41.634036],[23.504944,41.633634],[23.504674,41.6332],[23.504335,41.631804],[23.504354,41.631403],[23.5042,41.630919],[23.503708,41.630008],[23.50361,41.62954],[23.503398,41.628921],[23.502878,41.628621],[23.502772,41.628128],[23.502848,41.627777],[23.503212,41.627074],[23.503603,41.626217],[23.504201,41.625861],[23.504624,41.625426],[23.505123,41.624156],[23.50516,41.62315],[23.505136,41.623128],[23.505223,41.622658],[23.50503,41.622907],[23.504713,41.623209],[23.504412,41.623444],[23.504152,41.623632],[23.503822,41.623771],[23.503534,41.623826],[23.503022,41.623878],[23.502512,41.623914],[23.502334,41.623938],[23.502231,41.623985],[23.502032,41.624169],[23.501858,41.62428],[23.501684,41.624337],[23.501526,41.624347],[23.501131,41.624356],[23.500632,41.624373],[23.50024,41.624437],[23.499966,41.624507],[23.499671,41.624643],[23.499313,41.624857],[23.498891,41.625123],[23.498717,41.625234],[23.498306,41.625517],[23.497992,41.625883],[23.497644,41.626161],[23.497274,41.626469],[23.496968,41.626627],[23.496755,41.626699],[23.496519,41.626736],[23.495731,41.626736],[23.49532,41.626811],[23.494805,41.626444],[23.494266,41.626078],[23.494111,41.625375],[23.494367,41.623838],[23.494223,41.622614],[23.494107,41.622658],[23.493454,41.622834],[23.492902,41.622961],[23.492669,41.623339],[23.492501,41.623424],[23.492321,41.62347],[23.491829,41.623637],[23.491469,41.623677],[23.490977,41.623669],[23.490209,41.623791],[23.488962,41.624187],[23.487307,41.624985],[23.48612,41.625567],[23.485544,41.625797],[23.48474,41.626108],[23.484308,41.626279],[23.483973,41.62636],[23.483588,41.626356],[23.483229,41.626343],[23.48246,41.626271],[23.482208,41.626204],[23.481908,41.626096],[23.48174,41.626051],[23.481536,41.626047],[23.481356,41.626069],[23.480325,41.626173],[23.480049,41.626191],[23.479737,41.62625],[23.479539,41.626291],[23.479365,41.626327],[23.478969,41.626323],[23.478777,41.6263],[23.478441,41.626291],[23.478105,41.626251],[23.477697,41.626224],[23.477469,41.626197],[23.477133,41.626202],[23.476917,41.626171],[23.476617,41.626157],[23.476389,41.626166],[23.476221,41.62613],[23.475957,41.626331],[23.475884,41.626922],[23.475836,41.627123],[23.475719,41.627282],[23.475551,41.627541],[23.475448,41.627769],[23.475354,41.628011],[23.475224,41.628291],[23.474967,41.628652],[23.47486,41.628809],[23.474701,41.629063],[23.474484,41.629281],[23.474339,41.629415],[23.474124,41.629587],[23.473964,41.629699],[23.473788,41.629813],[23.473484,41.62997],[23.47291,41.630343],[23.472363,41.63057],[23.471167,41.630756],[23.469741,41.63083],[23.468084,41.630682],[23.466704,41.630424],[23.46534,41.629986],[23.465085,41.629838],[23.46486,41.629699],[23.464583,41.629601],[23.46439,41.629526],[23.464158,41.629481],[23.463911,41.629461],[23.463702,41.629476],[23.463527,41.629516],[23.463269,41.629624],[23.463094,41.629689],[23.462933,41.629765],[23.462724,41.629788],[23.462325,41.629881],[23.462235,41.629905],[23.461875,41.629969],[23.461497,41.629599],[23.461081,41.62901],[23.460854,41.628597],[23.460538,41.627911],[23.460257,41.6274],[23.460089,41.627018],[23.460051,41.626891],[23.460039,41.626688],[23.459868,41.626733],[23.459809,41.626793],[23.459745,41.626842],[23.459648,41.626861],[23.459566,41.626859],[23.459544,41.626861],[23.459339,41.626801],[23.459288,41.626723],[23.459259,41.626658],[23.459202,41.62658],[23.459148,41.626539],[23.45913,41.626529],[23.459018,41.626502],[23.458866,41.626491],[23.458785,41.626462],[23.45876,41.626409],[23.458759,41.626254],[23.458752,41.626137],[23.458717,41.626054],[23.458646,41.625979],[23.458514,41.625919],[23.458352,41.625886],[23.458199,41.625842],[23.458032,41.625764],[23.458012,41.625715],[23.458026,41.625675],[23.458096,41.625653],[23.458282,41.625642],[23.458373,41.625624],[23.458465,41.625574],[23.45855,41.625517],[23.45863,41.625485],[23.458715,41.625477],[23.458938,41.625489],[23.459005,41.625456],[23.459069,41.625408],[23.459155,41.625351],[23.459396,41.625295],[23.459536,41.625234],[23.45956,41.625189],[23.459539,41.625143],[23.459375,41.625066],[23.459321,41.625018],[23.459303,41.624949],[23.459321,41.624885],[23.45939,41.624842],[23.459491,41.624791],[23.45965,41.624727],[23.4598,41.624683],[23.459932,41.624656],[23.459934,41.62447],[23.459921,41.624243],[23.459894,41.624004],[23.459815,41.623726],[23.45963,41.623195],[23.459464,41.622945],[23.459339,41.622731],[23.459109,41.622435],[23.45881,41.622146],[23.458628,41.621946],[23.458596,41.621888],[23.458597,41.621822],[23.458698,41.621713],[23.458752,41.621629],[23.45877,41.621523],[23.458748,41.621419],[23.458684,41.621274],[23.458554,41.621062],[23.458375,41.620815],[23.45797,41.620343],[23.457958,41.620263],[23.457966,41.620187],[23.458072,41.620012],[23.458301,41.619803],[23.458334,41.619761],[23.458347,41.619696],[23.458341,41.619588],[23.458308,41.619498],[23.458243,41.61938],[23.458137,41.619259],[23.458036,41.619159],[23.45797,41.619076],[23.457944,41.618989],[23.457937,41.618869],[23.457946,41.618609],[23.457947,41.618599],[23.458047,41.618392],[23.458056,41.618316],[23.458029,41.618231],[23.457968,41.618161],[23.457845,41.61813],[23.457721,41.618123],[23.457575,41.618091],[23.457355,41.618028],[23.457217,41.618003],[23.457048,41.618004],[23.456963,41.618031],[23.456883,41.618072],[23.45678,41.618143],[23.456695,41.618185],[23.456599,41.618191],[23.45653,41.618179],[23.456435,41.618137],[23.456348,41.618041],[23.456299,41.617943],[23.456307,41.617877],[23.456398,41.617817],[23.456491,41.617784],[23.456563,41.617765],[23.456709,41.61775],[23.456789,41.617725],[23.456792,41.617687],[23.456741,41.617657],[23.456561,41.6176],[23.45639,41.617538],[23.456063,41.617394],[23.455973,41.617302],[23.455842,41.617184],[23.455681,41.61706],[23.455665,41.617015],[23.4559,41.616872],[23.456,41.616834],[23.456073,41.616859],[23.456108,41.616899],[23.456176,41.616997],[23.456246,41.617069],[23.456319,41.617085],[23.456394,41.617067],[23.456454,41.617001],[23.456521,41.616937],[23.456571,41.616935],[23.456614,41.616978],[23.456884,41.617345],[23.457014,41.617483],[23.457116,41.617552],[23.457245,41.617575],[23.45737,41.617565],[23.457439,41.617529],[23.457528,41.617439],[23.457613,41.617261],[23.457686,41.617197],[23.457751,41.617168],[23.457614,41.616853],[23.457388,41.616396],[23.457295,41.616233],[23.457074,41.615772],[23.457006,41.615498],[23.45687,41.614866],[23.456859,41.61468],[23.456841,41.6145],[23.4568,41.614371],[23.456768,41.614302],[23.456501,41.613872],[23.456386,41.613656],[23.45629,41.613464],[23.456213,41.613273],[23.456144,41.61313],[23.456029,41.612951],[23.455827,41.612678],[23.455659,41.612553],[23.455476,41.612438],[23.455295,41.612333],[23.455132,41.612216],[23.455018,41.612111],[23.454698,41.611791],[23.454476,41.611624],[23.454325,41.611525],[23.454287,41.611616],[23.454185,41.611728],[23.454034,41.611853],[23.45388,41.611972],[23.45356,41.612191],[23.452965,41.612514],[23.452079,41.612877],[23.451746,41.613057],[23.451442,41.613143],[23.45123,41.613224],[23.450941,41.613323],[23.450719,41.613385],[23.450284,41.613535],[23.450049,41.613657],[23.449869,41.613767],[23.449617,41.613976],[23.449485,41.614098],[23.449275,41.61433],[23.449215,41.61447],[23.449169,41.614608],[23.449154,41.614759],[23.449155,41.614917],[23.449196,41.615097],[23.449244,41.615218],[23.449333,41.615415],[23.449391,41.615563],[23.449472,41.61584],[23.449517,41.615968],[23.449481,41.616003],[23.449342,41.616089],[23.449168,41.616179],[23.44894,41.616261],[23.448786,41.616328],[23.448623,41.616436],[23.448504,41.616566],[23.448391,41.616708],[23.448252,41.616824],[23.448065,41.617046],[23.447963,41.61717],[23.447826,41.617426],[23.447631,41.617633],[23.447434,41.617829],[23.447272,41.618025],[23.447035,41.61835],[23.446918,41.618463],[23.4466,41.618742],[23.446442,41.618869],[23.446289,41.618981],[23.445977,41.619154],[23.445795,41.619228],[23.445616,41.619275],[23.445437,41.619314],[23.445101,41.619395],[23.444941,41.61949],[23.444721,41.619631],[23.443956,41.620205],[23.443806,41.620339],[23.443577,41.620526],[23.44349,41.620624],[23.443632,41.620656],[23.44368,41.620694],[23.443724,41.620718],[23.443733,41.620769],[23.443489,41.62107],[23.443386,41.621141],[23.443206,41.62123],[23.443104,41.621268],[23.443007,41.621327],[23.442942,41.621437],[23.442899,41.621705],[23.442897,41.621877],[23.44292,41.621999],[23.442977,41.622197],[23.443019,41.622299],[23.443065,41.622347],[23.443121,41.622356],[23.443167,41.622322],[23.443228,41.62219],[23.443266,41.622167],[23.443362,41.622183],[23.443432,41.622227],[23.443501,41.622299],[23.443513,41.622424],[23.443521,41.622674],[23.443567,41.622776],[23.443649,41.622875],[23.443794,41.622967],[23.444009,41.623135],[23.444098,41.62322],[23.444144,41.6233],[23.444142,41.623369],[23.444078,41.623398],[23.443893,41.623411],[23.443785,41.623429],[23.443667,41.623489],[23.443642,41.623531],[23.443648,41.623668],[23.4437,41.623745],[23.443733,41.623849],[23.443739,41.624007],[23.443715,41.624261],[23.443695,41.62433],[23.443636,41.62435],[23.443579,41.624346],[23.443502,41.624352],[23.443459,41.624398],[23.443465,41.624456],[23.443528,41.62451],[23.443609,41.624595],[23.443643,41.624676],[23.443636,41.624773],[23.443595,41.624851],[23.443524,41.624912],[23.443274,41.624975],[23.443168,41.625034],[23.443117,41.625089],[23.44312,41.625165],[23.443179,41.625253],[23.443243,41.625299],[23.443352,41.625338],[23.443581,41.625356],[23.443769,41.625357],[23.443844,41.625366],[23.443873,41.625403],[23.443867,41.625451],[23.443818,41.625514],[23.443697,41.625584],[23.443621,41.625654],[23.443596,41.625725],[23.443619,41.625787],[23.443686,41.62582],[23.443759,41.625827],[23.443822,41.625841],[23.443891,41.625902],[23.443928,41.625957],[23.443975,41.625966],[23.444071,41.625864],[23.444107,41.625861],[23.444126,41.625892],[23.444125,41.625946],[23.444139,41.626025],[23.444186,41.626072],[23.444255,41.62608],[23.444314,41.626064],[23.444388,41.626008],[23.44444,41.625924],[23.444461,41.62584],[23.444492,41.625794],[23.44453,41.625793],[23.444568,41.62582],[23.444632,41.625891],[23.444643,41.625965],[23.444604,41.626033],[23.444552,41.626075],[23.444537,41.626111],[23.444561,41.626153],[23.444667,41.626196],[23.444759,41.626244],[23.44479,41.626295],[23.444754,41.626343],[23.444704,41.626357],[23.44458,41.626344],[23.444505,41.626366],[23.444485,41.626417],[23.444504,41.626469],[23.444557,41.626572],[23.444571,41.626667],[23.444555,41.626757],[23.444449,41.62691],[23.444398,41.626903],[23.444322,41.626851],[23.444258,41.626825],[23.444217,41.626841],[23.44414,41.62696],[23.444083,41.627007],[23.443962,41.627062],[23.443869,41.627127],[23.443677,41.627365],[23.443727,41.627462],[23.44344,41.627693],[23.443153,41.627899],[23.443009,41.627959],[23.442925,41.627922],[23.442817,41.627785],[23.442652,41.627519],[23.442589,41.627385],[23.442572,41.627215],[23.442417,41.626919],[23.442388,41.626764],[23.442591,41.626466],[23.442649,41.626265],[23.442678,41.626081],[23.442672,41.625938],[23.442577,41.625851],[23.442396,41.625771],[23.442325,41.625752],[23.442336,41.625627],[23.4423,41.625279],[23.442181,41.625173],[23.442099,41.625217],[23.442025,41.625312],[23.441952,41.625347],[23.441813,41.625319],[23.441724,41.625203],[23.441647,41.625043],[23.441563,41.624904],[23.441491,41.624811],[23.441402,41.62468],[23.441485,41.624573],[23.441679,41.624266],[23.441773,41.624029],[23.441831,41.623818],[23.441804,41.623595],[23.441679,41.623383],[23.441595,41.623127],[23.441559,41.622738],[23.44162,41.622627],[23.441609,41.622485],[23.44168,41.622439],[23.441657,41.622248],[23.441617,41.622133],[23.441577,41.62195],[23.441377,41.621947],[23.441262,41.621955],[23.441094,41.621979],[23.440995,41.621998],[23.44085,41.622038],[23.44047,41.622163],[23.440424,41.622176],[23.44038,41.622183],[23.44025,41.622177],[23.440009,41.622133],[23.439912,41.622119],[23.439856,41.622114],[23.43978,41.622114],[23.439721,41.622119],[23.439576,41.622145],[23.439357,41.622212],[23.439188,41.622251],[23.439075,41.622285],[23.438623,41.622377],[23.438367,41.622422],[23.438216,41.622439],[23.438153,41.622442],[23.437993,41.622448],[23.437683,41.622447],[23.437662,41.622347],[23.43768,41.622192],[23.437598,41.621923],[23.437553,41.621839],[23.437169,41.621417],[23.437101,41.621388],[23.436887,41.621329],[23.43676,41.621309],[23.436478,41.621175],[23.436305,41.621155],[23.43613,41.621153],[23.435812,41.621019],[23.435673,41.620909],[23.435592,41.620824],[23.435427,41.620703],[23.435301,41.620625],[23.435199,41.620491],[23.435171,41.620266],[23.435106,41.620094],[23.434847,41.619624],[23.434793,41.619229],[23.434808,41.618694],[23.434742,41.618342],[23.434661,41.617981],[23.434549,41.61784],[23.43447,41.617708],[23.434121,41.617924],[23.433799,41.618095],[23.433489,41.618294],[23.433307,41.618444],[23.432894,41.618794],[23.432728,41.618961],[23.43261,41.619094],[23.4324,41.619359],[23.431609,41.620611],[23.431231,41.620928],[23.431356,41.621302],[23.431352,41.621441],[23.431332,41.621597],[23.43127,41.621767],[23.431186,41.621922],[23.431098,41.622065],[23.431021,41.622216],[23.430964,41.622381],[23.430957,41.622665],[23.431081,41.62293],[23.431173,41.623254],[23.43132,41.623887],[23.431414,41.624404],[23.431444,41.624697],[23.431469,41.62519],[23.431471,41.625422],[23.431435,41.625645],[23.43128,41.626242],[23.431225,41.626641],[23.431242,41.627165],[23.431232,41.627508],[23.431232,41.627752],[23.431146,41.628351],[23.431103,41.628769],[23.431042,41.628932],[23.430952,41.629147],[23.430912,41.629313],[23.430881,41.629966],[23.430692,41.630801],[23.430442,41.631275],[23.429879,41.632531],[23.429709,41.63321],[23.429634,41.633609],[23.429567,41.634045],[23.429527,41.634357],[23.429462,41.634743],[23.429453,41.635183],[23.429627,41.635616],[23.429179,41.635813],[23.428752,41.635995],[23.427409,41.636956],[23.426261,41.637618],[23.425062,41.638207],[23.423665,41.638512],[23.421667,41.638788],[23.420507,41.639058],[23.418657,41.63915],[23.416936,41.638415],[23.415244,41.638364],[23.414488,41.638318],[23.414353,41.638568],[23.414185,41.638755],[23.413994,41.638993],[23.413734,41.639365],[23.413557,41.63978],[23.413499,41.639907],[23.412817,41.641167],[23.412783,41.641239],[23.412705,41.641447],[23.412642,41.641664],[23.412584,41.641913],[23.412542,41.642131],[23.412507,41.642388],[23.412314,41.643345],[23.412307,41.643563],[23.412317,41.643834],[23.412319,41.644051],[23.412315,41.644189],[23.412305,41.644222],[23.412113,41.644495],[23.411906,41.644731],[23.411714,41.644901],[23.411659,41.644938],[23.411466,41.6451],[23.411249,41.645256],[23.410943,41.645446],[23.410509,41.645672],[23.410207,41.645812],[23.409918,41.645972],[23.409174,41.646399],[23.408991,41.646569],[23.408814,41.646712],[23.408618,41.646892],[23.408458,41.647079],[23.408289,41.647485],[23.408189,41.647697],[23.408014,41.648142],[23.407892,41.648366],[23.40774,41.648581],[23.407635,41.648778],[23.407496,41.649002],[23.407314,41.649384],[23.407055,41.64982],[23.406937,41.65],[23.406768,41.650185],[23.406654,41.650319],[23.406442,41.650489],[23.406268,41.650613],[23.406322,41.650656],[23.406506,41.65065],[23.406772,41.650678],[23.40704,41.650677],[23.407562,41.650659],[23.407812,41.65064],[23.40803,41.650635],[23.408214,41.650658],[23.408387,41.65074],[23.408469,41.65072],[23.408706,41.650693],[23.409068,41.650669],[23.409252,41.650668],[23.409389,41.650656],[23.409649,41.650604],[23.409802,41.650558],[23.4099,41.650499],[23.410132,41.650339],[23.410511,41.65018],[23.410594,41.650142],[23.41083,41.650129],[23.411178,41.650123],[23.411449,41.650123],[23.411929,41.650154],[23.412462,41.650207],[23.412698,41.65021],[23.413194,41.650316],[23.413423,41.650302],[23.413574,41.650309],[23.41381,41.65033],[23.414169,41.650341],[23.414864,41.65034],[23.415241,41.650336],[23.415564,41.650303],[23.415888,41.650371],[23.416078,41.65044],[23.416061,41.650536],[23.416243,41.650723],[23.416252,41.650859],[23.416141,41.650939],[23.415886,41.651003],[23.415697,41.6512],[23.415497,41.651307],[23.41539,41.651329],[23.415219,41.65133],[23.414964,41.651315],[23.414695,41.651258],[23.414414,41.651181],[23.414369,41.6512],[23.414275,41.651372],[23.414324,41.651403],[23.414261,41.651563],[23.414127,41.651691],[23.414016,41.651884],[23.413863,41.651998],[23.413656,41.652045],[23.413482,41.652072],[23.413305,41.652135],[23.413149,41.652175],[23.413065,41.652174],[23.412912,41.65219],[23.412793,41.652197],[23.412524,41.65234],[23.412331,41.652497],[23.412258,41.652566],[23.412113,41.652713],[23.411904,41.652883],[23.411658,41.653062],[23.411377,41.653243],[23.411133,41.65342],[23.410948,41.65359],[23.410723,41.653778],[23.410559,41.653941],[23.410413,41.65414],[23.4103,41.654363],[23.410266,41.654413],[23.410131,41.654494],[23.409874,41.654482],[23.409519,41.654269],[23.409331,41.654289],[23.409201,41.654436],[23.409165,41.654624],[23.409257,41.654814],[23.40937,41.655012],[23.409336,41.655203],[23.409152,41.655356],[23.409011,41.655504],[23.408985,41.655686],[23.408953,41.655857],[23.408804,41.655975],[23.40827,41.655947],[23.40806,41.656024],[23.407811,41.656191],[23.407576,41.656336],[23.407361,41.656484],[23.407183,41.656684],[23.407,41.656853],[23.406886,41.656899],[23.4065,41.657117],[23.40618,41.657461],[23.40602,41.657617],[23.405938,41.657722],[23.406115,41.657725],[23.406391,41.657786],[23.406525,41.657972],[23.406617,41.658066],[23.406742,41.658273],[23.406807,41.658465],[23.40689,41.658626],[23.406977,41.658825],[23.407038,41.658935],[23.407068,41.659001],[23.407325,41.659293],[23.407529,41.659439],[23.407683,41.659513],[23.407779,41.659551],[23.408034,41.659619],[23.408209,41.659651],[23.408324,41.659663],[23.408605,41.659679],[23.408932,41.659723],[23.409252,41.659746],[23.409534,41.65975],[23.410483,41.659745],[23.411075,41.659747],[23.411367,41.659771],[23.411583,41.659827],[23.411745,41.659945],[23.411799,41.659991],[23.411863,41.660135],[23.411877,41.660203],[23.411921,41.660326],[23.411968,41.660387],[23.412068,41.66056],[23.412209,41.660914],[23.412252,41.661098],[23.412261,41.661305],[23.412262,41.661493],[23.412281,41.66167],[23.412334,41.661769],[23.412382,41.661836],[23.412513,41.662121],[23.412534,41.662205],[23.412546,41.662329],[23.412547,41.662422],[23.412568,41.662748],[23.412584,41.66282],[23.412627,41.663197],[23.412639,41.663255],[23.412686,41.663378],[23.412732,41.663459],[23.412858,41.663648],[23.412887,41.663844],[23.412897,41.664039],[23.412879,41.66417],[23.412833,41.664387],[23.412749,41.664652],[23.412671,41.664836],[23.412513,41.665163],[23.412419,41.665378],[23.41238,41.66545],[23.412135,41.665749],[23.412073,41.66581],[23.411911,41.665992],[23.41189,41.666178],[23.411929,41.666278],[23.411962,41.666349],[23.41199,41.666471],[23.411993,41.666545],[23.411946,41.66667],[23.4119,41.666743],[23.411786,41.666875],[23.411598,41.667041],[23.411411,41.667154],[23.411141,41.667292],[23.411019,41.667362],[23.41101,41.667403],[23.410991,41.667456],[23.410946,41.667546],[23.410897,41.667665],[23.410911,41.667704],[23.410872,41.667715],[23.410798,41.667716],[23.410579,41.66773],[23.40982,41.667782],[23.408828,41.667782],[23.408042,41.667753],[23.407462,41.667797],[23.407184,41.667846],[23.406916,41.667932],[23.406629,41.668062],[23.406298,41.668166],[23.40596,41.668267],[23.405673,41.668333],[23.405538,41.66836],[23.405359,41.668416],[23.40506,41.668553],[23.404753,41.668667],[23.404547,41.66876],[23.40442,41.668826],[23.404218,41.668952],[23.40396,41.669131],[23.403705,41.669323],[23.403647,41.669363],[23.403482,41.669508],[23.403256,41.669674],[23.403054,41.669834],[23.402648,41.67018],[23.40276,41.670274],[23.402813,41.670335],[23.402877,41.670433],[23.402965,41.670808],[23.402924,41.671018],[23.402833,41.671287],[23.402716,41.671283],[23.402661,41.671287],[23.40254,41.671371],[23.402451,41.671472],[23.402433,41.671554],[23.402432,41.67172],[23.402458,41.671886],[23.402564,41.672049],[23.402589,41.672054],[23.402576,41.6723],[23.402583,41.672597],[23.402618,41.672837],[23.402629,41.673015],[23.402643,41.673094],[23.40272,41.673341],[23.402791,41.673523],[23.402822,41.673588],[23.40285,41.673748],[23.402826,41.673898],[23.402787,41.674054],[23.402721,41.674221],[23.40271,41.674285],[23.402707,41.674381],[23.402724,41.674437],[23.402879,41.67446],[23.403185,41.674523],[23.403326,41.674534],[23.403475,41.674498],[23.403703,41.674395],[23.403969,41.674266],[23.404102,41.674197],[23.404384,41.674067],[23.404534,41.67402],[23.404795,41.673961],[23.40495,41.673933],[23.405097,41.673915],[23.40536,41.673915],[23.405551,41.673923],[23.405678,41.673919],[23.405935,41.673871],[23.406235,41.673775],[23.406454,41.673716],[23.406847,41.673621],[23.407164,41.673509],[23.407471,41.673411],[23.407619,41.67335],[23.407769,41.673265],[23.408014,41.673158],[23.408297,41.673054],[23.408693,41.672919],[23.409087,41.672826],[23.40926,41.67281],[23.409388,41.672791],[23.409697,41.67279],[23.409525,41.672861],[23.409482,41.672874],[23.409147,41.673015],[23.409009,41.673067],[23.408744,41.673153],[23.408611,41.673207],[23.408499,41.673274],[23.408399,41.673351],[23.408323,41.673421],[23.408261,41.673491],[23.408027,41.673584],[23.407748,41.673645],[23.407483,41.673752],[23.407238,41.673823],[23.407137,41.673841],[23.407072,41.674039],[23.406975,41.674139],[23.406944,41.674166],[23.406604,41.674374],[23.406517,41.674439],[23.406332,41.674565],[23.406172,41.674718],[23.406039,41.67486],[23.405825,41.675122],[23.405752,41.675216],[23.405651,41.67537],[23.405562,41.675525],[23.405463,41.675638],[23.405376,41.675705],[23.405261,41.675748],[23.405161,41.675758],[23.405048,41.675754],[23.404927,41.675734],[23.404743,41.675708],[23.404593,41.67568],[23.404265,41.675635],[23.404114,41.675599],[23.404003,41.675565],[23.403787,41.67548],[23.403649,41.675401],[23.403422,41.675234],[23.403319,41.675148],[23.4032,41.67504],[23.403103,41.674982],[23.403056,41.674967],[23.402995,41.67497],[23.402941,41.674982],[23.402818,41.675016],[23.4027,41.675057],[23.402607,41.675112],[23.402403,41.675283],[23.402318,41.675369],[23.402241,41.675478],[23.402133,41.675613],[23.402058,41.675694],[23.40198,41.67575],[23.401751,41.675863],[23.401656,41.67596],[23.40159,41.676112],[23.401444,41.676621],[23.401403,41.67673],[23.401345,41.676801],[23.401414,41.676895],[23.401192,41.676862],[23.400853,41.676831],[23.400852,41.676904],[23.400924,41.677026],[23.401048,41.677134],[23.401343,41.677402],[23.401515,41.677567],[23.401647,41.67768],[23.401745,41.677747],[23.401901,41.677838],[23.402199,41.677965],[23.402628,41.67816],[23.402721,41.678225],[23.402793,41.678286],[23.402856,41.678354],[23.402883,41.678471],[23.402822,41.678851],[23.402953,41.678896],[23.403044,41.678936],[23.403167,41.679021],[23.403412,41.679138],[23.403525,41.679183],[23.403761,41.679232],[23.403872,41.679237],[23.403981,41.679235],[23.404114,41.679218],[23.404443,41.679153],[23.404619,41.679124],[23.404751,41.679235],[23.404879,41.679505],[23.404832,41.679471],[23.404772,41.679474],[23.40473,41.679517],[23.404702,41.679595],[23.40468,41.679713],[23.404654,41.679953],[23.404624,41.68006],[23.404578,41.680176],[23.404484,41.680309],[23.404406,41.680393],[23.40431,41.680459],[23.404166,41.680531],[23.403897,41.680687],[23.403811,41.680752],[23.403753,41.680836],[23.403668,41.680934],[23.403584,41.680995],[23.403484,41.681044],[23.403399,41.681097],[23.403345,41.681159],[23.403322,41.681247],[23.403397,41.681584],[23.403431,41.681838],[23.403067,41.681805],[23.402806,41.681877],[23.402606,41.681879],[23.402406,41.681868],[23.402043,41.681747],[23.401664,41.681692],[23.401342,41.68171],[23.401114,41.681697],[23.400717,41.681512],[23.400606,41.681512],[23.400524,41.68154],[23.400342,41.681738],[23.400065,41.681888],[23.399504,41.682012],[23.399392,41.682045],[23.399319,41.682091],[23.399291,41.682133],[23.399268,41.682159],[23.399229,41.682164],[23.398967,41.682175],[23.398873,41.682235],[23.398801,41.682299],[23.398725,41.68238],[23.398677,41.6824],[23.398618,41.682394],[23.398571,41.682367],[23.398472,41.6823],[23.398446,41.6823],[23.398209,41.682429],[23.398032,41.682471],[23.397887,41.68246],[23.397748,41.682343],[23.397571,41.682274],[23.397326,41.682284],[23.397067,41.682248],[23.396702,41.682052],[23.396408,41.681997],[23.396393,41.682037],[23.3963,41.682189],[23.396201,41.682274],[23.396064,41.682309],[23.395709,41.682354],[23.395471,41.68236],[23.395314,41.682027],[23.395239,41.681885],[23.395206,41.68175],[23.394969,41.680607],[23.394842,41.680202],[23.3948,41.680023],[23.394729,41.679844],[23.394457,41.679249],[23.394275,41.678809],[23.394085,41.678448],[23.393754,41.67789],[23.393424,41.677281],[23.393269,41.677154],[23.393221,41.677248],[23.393223,41.677424],[23.393268,41.677741],[23.393285,41.677969],[23.393317,41.678203],[23.393324,41.678354],[23.393316,41.678489],[23.393273,41.678613],[23.393201,41.678728],[23.392999,41.678923],[23.392815,41.679164],[23.392737,41.67931],[23.392684,41.679476],[23.392643,41.679647],[23.392581,41.679987],[23.392528,41.680129],[23.392445,41.680235],[23.392343,41.680307],[23.392218,41.680341],[23.392049,41.680349],[23.391661,41.680331],[23.39152,41.680343],[23.391415,41.680404],[23.39132,41.680509],[23.391229,41.680625],[23.391123,41.680743],[23.390983,41.680847],[23.390735,41.681015],[23.390638,41.681123],[23.390538,41.681264],[23.390397,41.681546],[23.390318,41.681661],[23.390233,41.681748],[23.390171,41.681834],[23.390126,41.681935],[23.390089,41.682046],[23.390061,41.682362],[23.39007,41.682594],[23.390168,41.683402],[23.390205,41.683599],[23.390289,41.683996],[23.390321,41.684213],[23.390339,41.684413],[23.390347,41.684638],[23.390344,41.684814],[23.390338,41.684875],[23.390364,41.684898],[23.390451,41.685047],[23.390524,41.685236],[23.390633,41.685439],[23.3907,41.685413],[23.390759,41.685335],[23.390797,41.685249],[23.39082,41.685207],[23.390912,41.685217],[23.390968,41.685273],[23.391248,41.685636],[23.391364,41.685806],[23.391613,41.686315],[23.391697,41.686587],[23.391732,41.686742],[23.391765,41.687159],[23.391752,41.687637],[23.391745,41.687851],[23.391689,41.688193],[23.391622,41.688287],[23.391514,41.688357],[23.391248,41.68849],[23.391108,41.688583],[23.391027,41.688655],[23.391022,41.688842],[23.39105,41.688957],[23.391067,41.689099],[23.391063,41.689479],[23.391043,41.689956],[23.391086,41.690118],[23.391144,41.690265],[23.391193,41.690357],[23.390746,41.690397],[23.390584,41.690421],[23.390447,41.690626],[23.3904,41.690364],[23.390602,41.689676],[23.390415,41.689433],[23.39044,41.688979],[23.390278,41.688598],[23.3903,41.688093],[23.39007,41.687709],[23.390106,41.687039],[23.389969,41.68671],[23.390247,41.686137],[23.389919,41.685768],[23.389825,41.685596],[23.389549,41.685166],[23.38938,41.684943],[23.389313,41.684943],[23.389294,41.685157],[23.389613,41.685569],[23.389196,41.68544],[23.388858,41.685204],[23.388529,41.684502],[23.388277,41.68383],[23.388005,41.683406],[23.387627,41.683124],[23.386998,41.683005],[23.386622,41.682988],[23.3862,41.682751],[23.385126,41.683221],[23.384016,41.683998],[23.383482,41.684589],[23.383365,41.684707],[23.383151,41.684948],[23.383043,41.685057],[23.382772,41.685271],[23.3826,41.685375],[23.382421,41.685461],[23.382206,41.685543],[23.381996,41.685606],[23.381685,41.685682],[23.381111,41.685805],[23.380872,41.685845],[23.380439,41.685936],[23.380247,41.685986],[23.380028,41.686031],[23.37982,41.686085],[23.379714,41.686126],[23.379489,41.686244],[23.379298,41.686365],[23.379037,41.686432],[23.378592,41.686476],[23.378319,41.686512],[23.378543,41.686121],[23.37858,41.686021],[23.378601,41.685793],[23.378601,41.685636],[23.37859,41.685518],[23.378566,41.685383],[23.37853,41.685274],[23.378472,41.685176],[23.378379,41.685059],[23.378293,41.684972],[23.378164,41.684878],[23.377872,41.684773],[23.377665,41.68471],[23.377386,41.684656],[23.377267,41.684896],[23.377185,41.685076],[23.3771,41.685226],[23.377007,41.685356],[23.37689,41.685456],[23.376764,41.685556],[23.376606,41.685644],[23.376443,41.685721],[23.376262,41.685787],[23.376091,41.685832],[23.37592,41.685856],[23.37575,41.685855],[23.375584,41.68584],[23.375411,41.685808],[23.375234,41.685759],[23.375044,41.685733],[23.374858,41.685734],[23.374632,41.685694],[23.374529,41.685691],[23.374318,41.685662],[23.374183,41.68561],[23.374029,41.685476],[23.373917,41.685371],[23.373784,41.685277],[23.373625,41.685202],[23.37334,41.685113],[23.372961,41.684969],[23.372753,41.684885],[23.372583,41.68481],[23.372436,41.68472],[23.372125,41.684477],[23.371914,41.684301],[23.371804,41.684176],[23.371709,41.684042],[23.371609,41.683875],[23.371512,41.683753],[23.371387,41.683648],[23.371233,41.683561],[23.371064,41.683488],[23.370846,41.683422],[23.370576,41.683352],[23.370359,41.683305],[23.369799,41.683205],[23.369322,41.683114],[23.369028,41.683074],[23.368792,41.683036],[23.368534,41.682971],[23.368103,41.682825],[23.36791,41.682748],[23.367501,41.682561],[23.367055,41.682409],[23.3669,41.682372],[23.36674,41.68234],[23.36659,41.682326],[23.366387,41.6823],[23.366212,41.682286],[23.366045,41.682295],[23.365892,41.682325],[23.365757,41.68234],[23.365627,41.682331],[23.365525,41.68228],[23.365349,41.682114],[23.365222,41.682037],[23.365016,41.681984],[23.364787,41.681944],[23.364527,41.681906],[23.364373,41.681851],[23.364186,41.681778],[23.364063,41.681719],[23.363934,41.681633],[23.363849,41.681555],[23.363805,41.681462],[23.363773,41.681337],[23.363738,41.681241],[23.363673,41.68114],[23.363576,41.681023],[23.363101,41.681146],[23.362824,41.681578],[23.362684,41.681717],[23.362176,41.681751],[23.361806,41.681906],[23.361783,41.682097],[23.36199,41.682339],[23.362418,41.682693],[23.362765,41.682901],[23.362718,41.683075],[23.362417,41.683143],[23.362209,41.683126],[23.361886,41.683005],[23.361078,41.682831],[23.360246,41.682797],[23.35909,41.682969],[23.358211,41.683246],[23.358062,41.683334],[23.358002,41.683389],[23.357842,41.683471],[23.357772,41.683834],[23.357921,41.684517],[23.358198,41.685313],[23.358622,41.685876],[23.358706,41.686039],[23.359121,41.686437],[23.359837,41.686835],[23.360183,41.687129],[23.36017,41.687345],[23.359962,41.687501],[23.359801,41.687639],[23.359754,41.68795],[23.359801,41.688089],[23.360285,41.68828],[23.360539,41.688643],[23.360631,41.689041],[23.36049,41.689451],[23.360146,41.689648],[23.359802,41.690023],[23.359678,41.690557],[23.359714,41.691021],[23.359787,41.691417],[23.359836,41.691753],[23.360278,41.692366],[23.360449,41.692761],[23.360548,41.692959],[23.36099,41.693157],[23.361554,41.693216],[23.361911,41.693543],[23.361958,41.693704],[23.361726,41.693831],[23.361538,41.693926],[23.361345,41.694017],[23.361124,41.694057],[23.360523,41.694111],[23.360336,41.694132],[23.360158,41.694158],[23.36,41.694212],[23.359821,41.694265],[23.35964,41.69431],[23.359284,41.694367],[23.359119,41.694384],[23.358939,41.694397],[23.358736,41.694375],[23.358326,41.694299],[23.358146,41.694248],[23.357952,41.694182],[23.357738,41.694127],[23.357557,41.694105],[23.357381,41.694109],[23.357196,41.694138],[23.357015,41.694181],[23.356816,41.694204],[23.356598,41.694221],[23.356161,41.694244],[23.355959,41.694264],[23.355572,41.694325],[23.355374,41.694351],[23.355153,41.694369],[23.354652,41.694394],[23.354409,41.6944],[23.353711,41.694395],[23.353381,41.694367],[23.353223,41.694366],[23.353031,41.694376],[23.35258,41.694418],[23.35218,41.694521],[23.352131,41.694626],[23.352066,41.694731],[23.351902,41.694963],[23.351809,41.695066],[23.351637,41.695218],[23.351517,41.695292],[23.351379,41.695387],[23.351262,41.695484],[23.351113,41.695632],[23.350728,41.696094],[23.350445,41.695795],[23.350344,41.695674],[23.350243,41.695574],[23.35014,41.695463],[23.349878,41.695217],[23.349741,41.695103],[23.34961,41.695023],[23.349333,41.694821],[23.348987,41.694595],[23.348782,41.694496],[23.348583,41.694407],[23.348122,41.69422],[23.347925,41.694125],[23.347713,41.694041],[23.347375,41.693924],[23.347276,41.69385],[23.347221,41.69374],[23.347092,41.693309],[23.346919,41.692809],[23.346734,41.692528],[23.346627,41.692387],[23.346514,41.692247],[23.346386,41.692126],[23.346254,41.692012],[23.346099,41.691919],[23.345935,41.691835],[23.345681,41.691713],[23.345354,41.691589],[23.345203,41.691496],[23.344902,41.691229],[23.344596,41.69097],[23.344414,41.690805],[23.344266,41.690658],[23.344129,41.690536],[23.343991,41.690433],[23.343851,41.690341],[23.343599,41.690255],[23.34339,41.690206],[23.343176,41.690168],[23.342716,41.690098],[23.342459,41.690068],[23.342206,41.69005],[23.341372,41.690022],[23.341233,41.690019],[23.34067,41.690041],[23.340406,41.690069],[23.339943,41.690134],[23.339615,41.690189],[23.339487,41.690217],[23.339257,41.690233],[23.338683,41.689874],[23.337376,41.689019],[23.336844,41.688535],[23.336265,41.687965],[23.335722,41.687214],[23.335075,41.686557],[23.333226,41.685071],[23.33276,41.684761],[23.331905,41.683759],[23.331292,41.683248],[23.330738,41.682851],[23.32958,41.682628],[23.328332,41.68211],[23.327683,41.681833],[23.327967,41.682002],[23.328118,41.682128],[23.328339,41.682295],[23.328545,41.68246],[23.328609,41.682525],[23.328774,41.682714],[23.328832,41.682789],[23.329099,41.683206],[23.32919,41.683327],[23.32929,41.683446],[23.329555,41.683743],[23.329614,41.683821],[23.329732,41.683956],[23.330002,41.684239],[23.330139,41.684391],[23.330224,41.684498],[23.330325,41.684654],[23.330385,41.684791],[23.330497,41.68512],[23.330597,41.685455],[23.330671,41.685752],[23.330825,41.686188],[23.330846,41.686277],[23.330887,41.68648],[23.330966,41.687011],[23.331009,41.687483],[23.331055,41.68783],[23.33106,41.687936],[23.331081,41.688131],[23.331073,41.688366],[23.331055,41.688562],[23.331001,41.688834],[23.33096,41.689008],[23.330808,41.689427],[23.330772,41.689503],[23.330676,41.689676],[23.330634,41.689747],[23.330591,41.689809],[23.330473,41.690011],[23.330379,41.690248],[23.330367,41.690336],[23.330318,41.690522],[23.330312,41.690666],[23.33029,41.690943],[23.330192,41.691546],[23.330144,41.691705],[23.330118,41.69178],[23.329944,41.692213],[23.329909,41.692291],[23.329855,41.692393],[23.329759,41.692518],[23.329693,41.692628],[23.329625,41.692761],[23.329596,41.692833],[23.329535,41.693015],[23.329413,41.693323],[23.329412,41.693341],[23.329262,41.69368],[23.329257,41.693706],[23.329176,41.693936],[23.329087,41.694261],[23.32902,41.69444],[23.328885,41.694845],[23.328792,41.695025],[23.328708,41.695174],[23.3286,41.695312],[23.32845,41.69549],[23.328448,41.695503],[23.328343,41.695636],[23.328287,41.695696],[23.328023,41.695924],[23.327861,41.696043],[23.327694,41.696147],[23.327544,41.696228],[23.32744,41.696293],[23.327323,41.696351],[23.327262,41.696367],[23.327046,41.696401],[23.326787,41.696454],[23.326686,41.69647],[23.326035,41.696612],[23.325879,41.696662],[23.325768,41.696703],[23.32551,41.696813],[23.325226,41.696912],[23.325126,41.696938],[23.324863,41.696967],[23.324045,41.697077],[23.323556,41.69716],[23.322689,41.69717],[23.322056,41.698997],[23.318559,41.700948],[23.320172,41.70263],[23.320121,41.70315],[23.320307,41.703555],[23.320393,41.703731],[23.320403,41.705081],[23.3207,41.705562],[23.321197,41.705783],[23.321521,41.705663],[23.322017,41.705363],[23.32254,41.705144],[23.322789,41.705183],[23.322962,41.705444],[23.323458,41.705865],[23.323892,41.706215],[23.323891,41.706415],[23.32312,41.707035],[23.322747,41.707275],[23.3224,41.707294],[23.321654,41.707613],[23.321406,41.707894],[23.321306,41.708094],[23.321554,41.708214],[23.321827,41.708374],[23.32195,41.708795],[23.322198,41.708975],[23.32287,41.709095],[23.322856,41.710406],[23.322636,41.710897],[23.322655,41.71167],[23.322625,41.712202],[23.322654,41.712624],[23.322742,41.712979],[23.322919,41.713401],[23.323126,41.713779],[23.323274,41.714178],[23.323332,41.714511],[23.323332,41.714755],[23.32345,41.715111],[23.323568,41.715399],[23.323508,41.715666],[23.323483,41.715944],[23.322882,41.715874],[23.32256,41.715596],[23.32219,41.715181],[23.321775,41.714973],[23.321051,41.714487],[23.320589,41.714106],[23.319343,41.713412],[23.31805,41.712753],[23.316802,41.712302],[23.315462,41.712024],[23.314076,41.711884],[23.311859,41.711501],[23.310705,41.711223],[23.309549,41.710806],[23.308904,41.710459],[23.306454,41.710526],[23.30636,41.711288],[23.306221,41.711633],[23.30585,41.712015],[23.305433,41.712776],[23.304971,41.713433],[23.304738,41.714126],[23.304413,41.714921],[23.304412,41.715476],[23.304389,41.715952],[23.304573,41.71661],[23.304757,41.717337],[23.304849,41.717753],[23.30434,41.718029],[23.303045,41.718374],[23.302074,41.718651],[23.301149,41.718857],[23.300363,41.718925],[23.299809,41.718925],[23.299115,41.719166],[23.298675,41.719253],[23.298074,41.719322],[23.297428,41.71946],[23.296734,41.719563],[23.296721,41.719534],[23.296242,41.719659],[23.29596,41.719714],[23.295802,41.719752],[23.295563,41.719825],[23.295445,41.719881],[23.295291,41.71994],[23.295182,41.720002],[23.295082,41.720092],[23.294965,41.720222],[23.294909,41.720314],[23.294888,41.720363],[23.294752,41.720731],[23.294683,41.720895],[23.294656,41.720945],[23.294528,41.721258],[23.294504,41.721306],[23.294477,41.721353],[23.29441,41.721445],[23.294331,41.721537],[23.294205,41.721671],[23.294094,41.721802],[23.294053,41.721847],[23.294005,41.721889],[23.29389,41.721964],[23.29382,41.722],[23.293689,41.722055],[23.293492,41.722114],[23.293342,41.722148],[23.293191,41.722162],[23.293121,41.72216],[23.293046,41.722155],[23.292814,41.722093],[23.292593,41.722007],[23.292446,41.721939],[23.292299,41.721867],[23.292099,41.721752],[23.291668,41.721553],[23.291598,41.721524],[23.291521,41.721499],[23.291364,41.721459],[23.29122,41.721429],[23.291085,41.721415],[23.290938,41.721422],[23.290574,41.721465],[23.290292,41.721512],[23.290229,41.721519],[23.290116,41.721544],[23.290061,41.721562],[23.289945,41.721616],[23.28989,41.721649],[23.289796,41.721724],[23.289663,41.72185],[23.289272,41.722158],[23.289166,41.722232],[23.288982,41.722335],[23.289,41.722346],[23.289043,41.722384],[23.28907,41.722427],[23.289082,41.722476],[23.289087,41.722523],[23.289084,41.722572],[23.28907,41.722624],[23.289041,41.722676],[23.288995,41.722727],[23.28894,41.722775],[23.28888,41.722822],[23.288684,41.722961],[23.288569,41.723051],[23.288532,41.7231],[23.288525,41.723151],[23.288544,41.723205],[23.288588,41.723255],[23.288643,41.723302],[23.28871,41.723351],[23.288785,41.723393],[23.288942,41.723459],[23.289016,41.723495],[23.289156,41.723577],[23.289221,41.723629],[23.289272,41.723685],[23.289303,41.723743],[23.28932,41.723804],[23.289327,41.723923],[23.289325,41.723983],[23.289296,41.724174],[23.289284,41.724232],[23.28925,41.724344],[23.289194,41.724445],[23.289175,41.724494],[23.28918,41.724537],[23.289216,41.724573],[23.289279,41.724607],[23.289351,41.72464],[23.289505,41.724687],[23.289578,41.724714],[23.289659,41.724748],[23.289729,41.724785],[23.289787,41.724823],[23.289826,41.724877],[23.28984,41.724938],[23.289835,41.725],[23.289799,41.725135],[23.289729,41.725346],[23.289691,41.725483],[23.289679,41.725553],[23.289666,41.725689],[23.289673,41.726077],[23.289678,41.726133],[23.28969,41.726189],[23.289717,41.726243],[23.289765,41.726288],[23.289823,41.726321],[23.289886,41.726346],[23.28995,41.726357],[23.290023,41.726359],[23.290201,41.72633],[23.290372,41.726296],[23.290452,41.726287],[23.290534,41.726289],[23.290628,41.726298],[23.290722,41.726323],[23.290883,41.726381],[23.290968,41.726405],[23.291054,41.726421],[23.291155,41.726423],[23.291252,41.726418],[23.291334,41.726396],[23.291502,41.726344],[23.291601,41.726319],[23.291811,41.726284],[23.292011,41.726276],[23.292124,41.726276],[23.292228,41.726281],[23.292322,41.726292],[23.292418,41.726316],[23.29263,41.726376],[23.292727,41.726408],[23.292902,41.726479],[23.292994,41.726511],[23.293286,41.726602],[23.29337,41.726627],[23.293457,41.726647],[23.293546,41.726658],[23.293633,41.726658],[23.293712,41.726638],[23.293946,41.726552],[23.294033,41.726527],[23.29412,41.726507],[23.294199,41.726503],[23.294273,41.726518],[23.294353,41.726545],[23.294524,41.726616],[23.294614,41.726661],[23.294756,41.726753],[23.294956,41.726912],[23.295102,41.727019],[23.29518,41.727064],[23.295339,41.727133],[23.295527,41.727192],[23.295609,41.727225],[23.295683,41.727261],[23.295758,41.727303],[23.295821,41.72735],[23.295866,41.727396],[23.295902,41.727447],[23.295932,41.727501],[23.295948,41.727557],[23.29597,41.727781],[23.295984,41.727835],[23.296014,41.727889],[23.296054,41.72794],[23.296107,41.727983],[23.296173,41.728028],[23.296242,41.728068],[23.296322,41.728106],[23.296517,41.728177],[23.2967,41.728238],[23.296794,41.728263],[23.297013,41.728309],[23.297213,41.728341],[23.297317,41.728354],[23.29764,41.728382],[23.298254,41.728407],[23.298748,41.728437],[23.29904,41.728442],[23.299129,41.72845],[23.299211,41.728462],[23.299293,41.728484],[23.299375,41.728518],[23.29945,41.728564],[23.299517,41.728611],[23.29958,41.728661],[23.29991,41.728959],[23.300086,41.729145],[23.300293,41.72938],[23.30037,41.729487],[23.300397,41.729541],[23.300392,41.729588],[23.300356,41.729629],[23.300298,41.729667],[23.300098,41.729764],[23.299975,41.729851],[23.299924,41.7299],[23.299883,41.729959],[23.299857,41.730026],[23.299847,41.730094],[23.299842,41.730235],[23.299847,41.730311],[23.299885,41.730457],[23.299958,41.730679],[23.300044,41.730968],[23.300131,41.731179],[23.300203,41.731315],[23.300269,41.731452],[23.300312,41.731589],[23.300317,41.731654],[23.300307,41.731723],[23.300281,41.731791],[23.300177,41.731991],[23.300148,41.73206],[23.300107,41.732193],[23.300097,41.732258],[23.300097,41.732321],[23.300121,41.73252],[23.300124,41.732585],[23.300116,41.73265],[23.300071,41.732783],[23.300039,41.732848],[23.300015,41.732912],[23.299996,41.732975],[23.299982,41.733038],[23.299974,41.733103],[23.299972,41.73317],[23.299982,41.733231],[23.300008,41.733291],[23.300049,41.733348],[23.300155,41.733464],[23.300215,41.733523],[23.300415,41.73369],[23.300617,41.733903],[23.300668,41.733953],[23.300728,41.734002],[23.300791,41.734049],[23.300859,41.734092],[23.300998,41.734165],[23.301242,41.73425],[23.301331,41.734286],[23.301401,41.734329],[23.301459,41.734378],[23.301507,41.734431],[23.301548,41.734485],[23.301569,41.734541],[23.301572,41.7346],[23.301562,41.734662],[23.301541,41.734721],[23.301512,41.734779],[23.301427,41.734894],[23.301319,41.735011],[23.301129,41.735168],[23.301073,41.735222],[23.301027,41.735276],[23.300991,41.735334],[23.300969,41.735388],[23.300962,41.735441],[23.300962,41.735495],[23.300979,41.735549],[23.301034,41.735661],[23.301078,41.735719],[23.301128,41.735773],[23.301186,41.735825],[23.301319,41.735926],[23.301497,41.736073],[23.301559,41.736103],[23.30163,41.73612],[23.301716,41.736125],[23.301806,41.73612],[23.301887,41.736102],[23.30223,41.735985],[23.302323,41.735956],[23.302406,41.735926],[23.30249,41.7359],[23.302572,41.735881],[23.302671,41.735866],[23.302774,41.735859],[23.302868,41.735863],[23.303158,41.735908],[23.303264,41.735921],[23.303358,41.735923],[23.303657,41.735891],[23.303931,41.735848]],[[23.444112,41.827648],[23.444112,41.827821],[23.444083,41.827983],[23.443967,41.827973],[23.443778,41.82864],[23.443529,41.828724],[23.443608,41.829086],[23.443592,41.829437],[23.443484,41.829602],[23.443123,41.829611],[23.44282,41.829442],[23.442783,41.829329],[23.442783,41.829281],[23.442956,41.829183],[23.443187,41.828697],[23.443736,41.827638],[23.443635,41.827519],[23.443765,41.827421],[23.443794,41.827443],[23.444082,41.826827],[23.444472,41.8266],[23.44453,41.826784],[23.444468,41.826921],[23.444383,41.826927],[23.444328,41.826985],[23.444328,41.827077],[23.444357,41.827165],[23.444299,41.827292],[23.444112,41.827648]],[[23.43688,41.829533],[23.437684,41.829558],[23.43786,41.829839],[23.438327,41.829777],[23.438469,41.829916],[23.438587,41.830335],[23.438837,41.830442],[23.43898,41.830782],[23.439567,41.831245],[23.439478,41.831349],[23.439088,41.831481],[23.438828,41.831472],[23.438566,41.831218],[23.438652,41.830982],[23.438469,41.830914],[23.437501,41.830852],[23.437174,41.830694],[23.436827,41.830311],[23.436772,41.829726],[23.436772,41.829619],[23.43688,41.829533]],[[23.436847,41.830761],[23.436907,41.830962],[23.437054,41.831211],[23.437157,41.831144],[23.437456,41.831389],[23.437793,41.831585],[23.437892,41.83179],[23.437822,41.83191],[23.437675,41.831965],[23.437538,41.831962],[23.43723,41.83173],[23.437097,41.831665],[23.436859,41.831616],[23.436635,41.831319],[23.43638,41.83108],[23.436211,41.830997],[23.436059,41.83097],[23.435973,41.830905],[23.436011,41.830813],[23.436129,41.830739],[23.436151,41.830653],[23.436103,41.830592],[23.435922,41.830561],[23.436151,41.83035],[23.436163,41.830277],[23.436038,41.830215],[23.436011,41.830151],[23.436103,41.830093],[23.436374,41.83005],[23.436505,41.829949],[23.436582,41.830255],[23.436847,41.830761]],[[23.441894,41.82937],[23.441953,41.829557],[23.442152,41.829822],[23.442208,41.829953],[23.442381,41.830085],[23.442557,41.830185],[23.442863,41.830167],[23.443318,41.830027],[23.443568,41.83001],[23.443655,41.830097],[23.443645,41.830151],[23.443727,41.830182],[23.443819,41.830086],[23.443713,41.829944],[23.443775,41.829883],[23.444182,41.829973],[23.444541,41.830428],[23.444553,41.830594],[23.444267,41.830748],[23.444192,41.831058],[23.444486,41.831271],[23.444455,41.831427],[23.444226,41.831577],[23.444229,41.831885],[23.443945,41.831901],[23.443875,41.831811],[23.443831,41.831566],[23.443644,41.831797],[23.443761,41.831874],[23.44362,41.832248],[23.443598,41.832729],[23.443685,41.833017],[23.443481,41.833001],[23.443352,41.833034],[23.44277,41.833038],[23.442226,41.832759],[23.442216,41.832627],[23.442377,41.832321],[23.442281,41.832146],[23.442031,41.831928],[23.441997,41.831788],[23.442103,41.831741],[23.442375,41.83195],[23.44277,41.832094],[23.442987,41.832146],[23.44314,41.832094],[23.443251,41.831966],[23.442736,41.831708],[23.442476,41.831622],[23.442009,41.831648],[23.441563,41.831289],[23.441513,41.831151],[23.441272,41.831151],[23.441096,41.831365],[23.441007,41.831741],[23.440716,41.832073],[23.440225,41.832134],[23.439999,41.832118],[23.439649,41.831751],[23.439519,41.831742],[23.439476,41.831628],[23.439551,41.831549],[23.439813,41.831463],[23.440215,41.831445],[23.440237,41.831313],[23.440109,41.83123],[23.439871,41.831301],[23.439784,41.83123],[23.43988,41.831004],[23.440056,41.830767],[23.440393,41.830713],[23.44099,41.830713],[23.441012,41.830574],[23.440903,41.83047],[23.440554,41.830531],[23.440326,41.830557],[23.440272,41.83047],[23.439088,41.830348],[23.438816,41.83026],[23.438621,41.830112],[23.438664,41.829745],[23.439174,41.82992],[23.439466,41.829669],[23.439454,41.829507],[23.440002,41.829447],[23.440379,41.829396],[23.440493,41.829401],[23.44077,41.829862],[23.440922,41.829939],[23.441154,41.829916],[23.441253,41.829782],[23.441599,41.829438],[23.441774,41.829387],[23.441894,41.82937]]],[[[23.446235,41.823139],[23.446498,41.823155],[23.446599,41.823283],[23.446303,41.823557],[23.446045,41.824008],[23.446103,41.824115],[23.446363,41.824073],[23.446423,41.824019],[23.44651,41.823866],[23.446645,41.823794],[23.446939,41.823765],[23.447068,41.823709],[23.447083,41.823664],[23.446987,41.823574],[23.446815,41.8235],[23.446707,41.8234],[23.446739,41.823317],[23.447003,41.823157],[23.446598,41.822825],[23.446185,41.82244],[23.446025,41.822402],[23.445968,41.822462],[23.446071,41.823002],[23.446144,41.823108],[23.446235,41.823139]]],[[[23.446559,41.82475],[23.446133,41.824765],[23.446272,41.825462],[23.446675,41.825997],[23.446855,41.82612],[23.446785,41.826029],[23.446764,41.82591],[23.446704,41.825719],[23.446714,41.825504],[23.446709,41.825241],[23.44666,41.825121],[23.446751,41.825026],[23.447071,41.824973],[23.447049,41.82481],[23.446905,41.824806],[23.446758,41.824858],[23.446643,41.824832],[23.446559,41.82475]]],[[[23.4485,41.827764],[23.448498,41.82802],[23.448491,41.828052],[23.4485,41.828292],[23.44859,41.828356],[23.44871,41.828304],[23.448796,41.828176],[23.448801,41.827928],[23.448736,41.827771],[23.448705,41.827571],[23.44871,41.82747],[23.448623,41.827195],[23.448562,41.827164],[23.448276,41.827296],[23.448365,41.827402],[23.448452,41.827559],[23.4485,41.827764]]],[[[23.450146,41.830315],[23.45029,41.830108],[23.450497,41.829915],[23.450281,41.829953],[23.450208,41.829919],[23.450121,41.829849],[23.450201,41.829746],[23.45015,41.829633],[23.450042,41.829586],[23.449977,41.829507],[23.450042,41.82935],[23.449943,41.828819],[23.449806,41.828705],[23.449849,41.828644],[23.450323,41.828613],[23.450448,41.828543],[23.450111,41.828451],[23.449935,41.828277],[23.449926,41.828158],[23.450055,41.828054],[23.450272,41.827936],[23.450222,41.827789],[23.450238,41.827488],[23.45019,41.827177],[23.450038,41.82704],[23.449906,41.827016],[23.44959,41.827007],[23.449263,41.826755],[23.449046,41.826719],[23.448827,41.826824],[23.449299,41.827375],[23.44941,41.827679],[23.449405,41.828019],[23.449683,41.829147],[23.449693,41.829438],[23.449524,41.830083],[23.449481,41.830193],[23.449547,41.830539],[23.449513,41.830747],[23.449417,41.830827],[23.449845,41.830798],[23.450006,41.830612],[23.449864,41.830612],[23.449898,41.83045],[23.449951,41.830328],[23.450146,41.830315]]],[[[23.437514,41.833433],[23.437302,41.833401],[23.437173,41.833406],[23.437129,41.833462],[23.43712,41.833541],[23.437249,41.833636],[23.437223,41.833654],[23.437753,41.834009],[23.437938,41.834045],[23.438071,41.834021],[23.438678,41.834236],[23.438882,41.834293],[23.438986,41.834281],[23.439094,41.834189],[23.439101,41.834119],[23.439015,41.834032],[23.438786,41.833919],[23.438258,41.833717],[23.438018,41.833534],[23.437514,41.833433]]],[[[23.430417,41.835368],[23.431113,41.835683],[23.431156,41.835831],[23.431537,41.836137],[23.431648,41.836513],[23.431985,41.836758],[23.432202,41.836767],[23.432375,41.836644],[23.432276,41.836504],[23.432016,41.836173],[23.4317,41.835937],[23.431385,41.835726],[23.431342,41.835499],[23.431428,41.835386],[23.431592,41.835245],[23.431544,41.834953],[23.431276,41.8348],[23.431004,41.834818],[23.430884,41.835071],[23.430701,41.83522],[23.430417,41.835368]]],[[[23.457666,41.812812],[23.45753,41.812726],[23.457266,41.812609],[23.457117,41.812481],[23.457189,41.812647],[23.457375,41.81282],[23.45756,41.813056],[23.457645,41.81325],[23.457676,41.813614],[23.458266,41.813997],[23.459198,41.814807],[23.459291,41.814636],[23.459339,41.814177],[23.459622,41.813898],[23.459643,41.813872],[23.459927,41.813798],[23.460028,41.813716],[23.459109,41.813287],[23.45889,41.813271],[23.458611,41.813078],[23.458434,41.812989],[23.458294,41.812985],[23.458174,41.812944],[23.457947,41.812911],[23.457666,41.812812]]],[[[23.47999,41.813209],[23.47986,41.813004],[23.479733,41.813121],[23.479641,41.813132],[23.47947,41.81298],[23.479398,41.812832],[23.479157,41.81295],[23.479103,41.813043],[23.479065,41.81321],[23.478759,41.81321],[23.478484,41.813241],[23.478395,41.813196],[23.478434,41.813097],[23.478653,41.813059],[23.478771,41.813011],[23.478855,41.812927],[23.478899,41.812194],[23.478896,41.812047],[23.478679,41.811762],[23.478424,41.8115],[23.47793,41.811327],[23.477709,41.81118],[23.477452,41.811179],[23.477399,41.811641],[23.477308,41.81259],[23.477504,41.812608],[23.477619,41.812889],[23.478145,41.813073],[23.478164,41.813145],[23.478074,41.813192],[23.477694,41.813133],[23.4773,41.813009],[23.477167,41.813328],[23.477372,41.813522],[23.477564,41.813659],[23.477411,41.813776],[23.47716,41.813747],[23.476906,41.813711],[23.476744,41.813891],[23.476728,41.814027],[23.476613,41.814183],[23.476456,41.814473],[23.476449,41.814774],[23.476278,41.815289],[23.476213,41.815722],[23.476098,41.816199],[23.476041,41.816249],[23.476065,41.816388],[23.476178,41.816496],[23.476335,41.816631],[23.476523,41.816719],[23.476821,41.816762],[23.476997,41.816829],[23.477486,41.817073],[23.477543,41.817091],[23.478319,41.817374],[23.478488,41.817382],[23.478694,41.817454],[23.478881,41.817614],[23.478979,41.817748],[23.478941,41.81792],[23.479046,41.818055],[23.479263,41.818176],[23.479701,41.818329],[23.479935,41.818293],[23.479979,41.817968],[23.479979,41.817891],[23.480076,41.817742],[23.479833,41.81763],[23.479741,41.817553],[23.479756,41.81734],[23.479715,41.817252],[23.479472,41.817157],[23.479394,41.817051],[23.479327,41.816995],[23.479209,41.816952],[23.479132,41.816907],[23.479098,41.816817],[23.479098,41.816729],[23.478999,41.816622],[23.478918,41.816601],[23.478799,41.816516],[23.478763,41.816367],[23.478344,41.816007],[23.478204,41.815773],[23.478176,41.815581],[23.47821,41.81547],[23.478328,41.815398],[23.478292,41.815096],[23.478218,41.814939],[23.478097,41.814759],[23.478097,41.814532],[23.478178,41.814183],[23.478299,41.81394],[23.478448,41.813905],[23.478967,41.813866],[23.479389,41.813865],[23.479579,41.81384],[23.479762,41.813716],[23.48005,41.81358],[23.480101,41.813465],[23.47999,41.813209]]],[[[23.485948,41.816203],[23.485844,41.816069],[23.485646,41.815254],[23.485561,41.815041],[23.485436,41.814948],[23.48507,41.814858],[23.484565,41.81477],[23.48444,41.814714],[23.484384,41.814502],[23.484388,41.81416],[23.484333,41.813814],[23.484219,41.813479],[23.484116,41.813319],[23.483826,41.813114],[23.48373,41.812975],[23.483626,41.812709],[23.483597,41.812329],[23.483522,41.812001],[23.48305,41.81194],[23.482692,41.811881],[23.48301,41.812592],[23.482988,41.812888],[23.482823,41.813815],[23.482843,41.814092],[23.482947,41.814526],[23.483164,41.814886],[23.483665,41.81523],[23.484043,41.815478],[23.484272,41.815661],[23.484359,41.815793],[23.48446,41.816131],[23.484848,41.816873],[23.48489,41.817617],[23.485097,41.817966],[23.485348,41.818184],[23.485587,41.818432],[23.485688,41.818621],[23.485792,41.818606],[23.486059,41.818828],[23.486179,41.818824],[23.486458,41.818233],[23.486542,41.817873],[23.486334,41.817409],[23.486027,41.816523],[23.485948,41.816203]]],[[[23.486493,41.819337],[23.48605,41.81919],[23.48577,41.81908],[23.48557,41.818873],[23.485592,41.818635],[23.485534,41.818528],[23.4855,41.818464],[23.485266,41.818223],[23.485016,41.818005],[23.484794,41.817631],[23.484752,41.816891],[23.484364,41.816149],[23.484262,41.815814],[23.484195,41.815708],[23.483951,41.815514],[23.483497,41.815215],[23.483092,41.814936],[23.482851,41.814537],[23.482747,41.81411],[23.482727,41.813808],[23.482703,41.813217],[23.482714,41.813162],[23.482532,41.81315],[23.482269,41.813043],[23.482149,41.812967],[23.482108,41.812857],[23.482132,41.812781],[23.482377,41.812774],[23.482382,41.812678],[23.482486,41.812625],[23.482498,41.812591],[23.482064,41.812631],[23.481613,41.812728],[23.481471,41.812718],[23.481418,41.812666],[23.481392,41.812684],[23.481397,41.812797],[23.480851,41.813128],[23.480546,41.812818],[23.480546,41.812691],[23.480374,41.812568],[23.480129,41.812453],[23.479985,41.812515],[23.479831,41.812659],[23.479768,41.812785],[23.479946,41.812968],[23.480077,41.813177],[23.480202,41.813465],[23.480127,41.813631],[23.47981,41.813777],[23.479617,41.813908],[23.479408,41.813937],[23.478982,41.813938],[23.478376,41.813997],[23.478275,41.814201],[23.478193,41.814543],[23.478194,41.814741],[23.478309,41.814914],[23.478389,41.815081],[23.478394,41.815391],[23.478471,41.815537],[23.478534,41.815681],[23.478575,41.815875],[23.478662,41.81597],[23.47911,41.816158],[23.479348,41.816318],[23.47949,41.816622],[23.47984,41.816863],[23.480059,41.817112],[23.480252,41.817457],[23.480395,41.817476],[23.480537,41.817575],[23.480608,41.817723],[23.480624,41.817834],[23.48062,41.817977],[23.48056,41.818187],[23.480634,41.818247],[23.480681,41.81832],[23.480721,41.81841],[23.480978,41.818658],[23.481148,41.818849],[23.481384,41.818764],[23.481724,41.818701],[23.481902,41.819073],[23.482134,41.819388],[23.482423,41.819689],[23.482707,41.819951],[23.483268,41.820191],[23.483251,41.820266],[23.4831,41.820491],[23.483064,41.820626],[23.483112,41.820742],[23.48317,41.820742],[23.483225,41.820945],[23.483565,41.82092],[23.483984,41.82117],[23.484108,41.821176],[23.484468,41.821018],[23.484629,41.820794],[23.484803,41.820791],[23.484931,41.820825],[23.485127,41.820859],[23.48508,41.820782],[23.485251,41.820718],[23.485881,41.820722],[23.486202,41.820863],[23.486363,41.821044],[23.486309,41.82113],[23.486163,41.821483],[23.486122,41.821521],[23.486695,41.821642],[23.486914,41.82174],[23.487213,41.82176],[23.487637,41.82187],[23.488127,41.821884],[23.488342,41.821869],[23.48842,41.821587],[23.488177,41.821192],[23.487922,41.820867],[23.487914,41.820584],[23.487599,41.820238],[23.487398,41.819886],[23.487102,41.81963],[23.486493,41.819337]]],[[[23.505958,41.818751],[23.505859,41.818784],[23.50566,41.818823],[23.50541,41.819034],[23.50528,41.819138],[23.505188,41.819113],[23.505273,41.818937],[23.505436,41.818753],[23.505489,41.818553],[23.505515,41.818204],[23.505421,41.818089],[23.505228,41.817931],[23.50516,41.817794],[23.505076,41.81752],[23.504786,41.816996],[23.504589,41.816806],[23.504598,41.816955],[23.504661,41.81711],[23.50489,41.817535],[23.505095,41.817864],[23.505226,41.818145],[23.505217,41.818354],[23.505058,41.819042],[23.505016,41.819314],[23.505095,41.819519],[23.505115,41.819688],[23.505199,41.819841],[23.505222,41.819431],[23.505271,41.819274],[23.505384,41.819157],[23.505749,41.818967],[23.50592,41.818917],[23.506019,41.81887],[23.506033,41.818805],[23.505958,41.818751]]],[[[23.506597,41.819489],[23.506508,41.819602],[23.506679,41.819703],[23.507156,41.819784],[23.507096,41.819937],[23.506904,41.820031],[23.506868,41.820115],[23.506882,41.820193],[23.506938,41.820254],[23.50693,41.820304],[23.506481,41.820693],[23.50644,41.820818],[23.50644,41.821002],[23.506544,41.821079],[23.506939,41.821052],[23.506972,41.821005],[23.506951,41.820992],[23.506643,41.820938],[23.506642,41.820787],[23.506753,41.820659],[23.507008,41.820459],[23.507085,41.820252],[23.507258,41.820097],[23.507534,41.8199],[23.50776,41.819832],[23.50796,41.819805],[23.507934,41.819688],[23.508001,41.819547],[23.508236,41.81943],[23.508465,41.819403],[23.508443,41.819316],[23.507733,41.818912],[23.507595,41.818804],[23.507393,41.818937],[23.507095,41.819209],[23.506811,41.819321],[23.506597,41.819489]]],[[[23.45027,41.833],[23.450277,41.833109],[23.450391,41.833257],[23.450576,41.833673],[23.450737,41.833686],[23.450836,41.833563],[23.450869,41.833232],[23.451141,41.833021],[23.451477,41.832954],[23.451827,41.832814],[23.451724,41.832697],[23.451031,41.832576],[23.450874,41.832467],[23.450749,41.832708],[23.450554,41.832821],[23.450378,41.832877],[23.45027,41.833]]],[[[23.454438,41.833182],[23.454387,41.83306],[23.45424,41.833069],[23.45405,41.833108],[23.453937,41.833054],[23.453893,41.832871],[23.453768,41.832741],[23.453419,41.832858],[23.453207,41.833119],[23.453332,41.83326],[23.453371,41.833382],[23.453332,41.833474],[23.453263,41.833508],[23.453301,41.83396],[23.453942,41.833602],[23.454062,41.833663],[23.454308,41.833686],[23.454496,41.833663],[23.454399,41.833382],[23.454438,41.833182]]]]}},
{"type":"Feature","properties":{"ekatte":"99958","kind":"1","name_bg":"Курортен комплекс \"Албена\"","name_en":"Kurorten kompleks \"Albena\"","parent_ekatte":"DOB03","parent_name":"Балчик","parent_is_nuts4":"1","area2_ekatte":"","area2_name":"","document":"222","osm_type":"relation","osm_id":18615553,"match_method":"name_fuzzy","match_confidence":1.0},"geometry":{"type":"Polygon","coordinates":[[[28.081893,43.363237],[28.081542,43.362688],[28.081166,43.362077],[28.080468,43.360895],[28.07969,43.359518],[28.078601,43.35769],[28.078384,43.357276],[28.078045,43.356685],[28.077797,43.356127],[28.077357,43.355476],[28.077059,43.354907],[28.076727,43.354203],[28.076507,43.35386],[28.076435,43.353588],[28.076305,43.353451],[28.076209,43.35335],[28.075837,43.353563],[28.075875,43.353739],[28.075792,43.353641],[28.075724,43.353719],[28.075564,43.35396],[28.07534,43.354194],[28.075335,43.354441],[28.075269,43.354594],[28.075528,43.355024],[28.07627,43.356443],[28.076324,43.356926],[28.076382,43.357045],[28.076566,43.357169],[28.077068,43.35753],[28.077307,43.357873],[28.077288,43.357879],[28.077234,43.35788],[28.076788,43.357861],[28.076727,43.35785],[28.07675,43.357901],[28.077344,43.357928],[28.077352,43.357938],[28.077797,43.358702],[28.077938,43.359049],[28.078486,43.360554],[28.078937,43.361475],[28.079509,43.362618],[28.079545,43.362828],[28.07952,43.363208],[28.079403,43.363428],[28.079206,43.36367],[28.07889,43.363817],[28.07844,43.3639],[28.078409,43.3638],[28.078235,43.363832],[28.078241,43.363849],[28.078092,43.363872],[28.078122,43.363958],[28.076009,43.364344],[28.07446,43.364553],[28.073933,43.364612],[28.07134,43.364624],[28.069953,43.364651],[28.069945,43.364646],[28.069592,43.364646],[28.069202,43.364655],[28.068765,43.364688],[28.068564,43.364705],[28.068436,43.36472],[28.06809,43.364768],[28.067977,43.364787],[28.067818,43.364815],[28.06778,43.364832],[28.067701,43.364847],[28.067689,43.36482],[28.067003,43.36498],[28.067005,43.364988],[28.06689,43.365024],[28.066893,43.365029],[28.066394,43.365197],[28.065848,43.365416],[28.065346,43.365628],[28.064382,43.366011],[28.064409,43.366134],[28.064543,43.36634],[28.064758,43.36653],[28.064932,43.366616],[28.065144,43.366668],[28.065391,43.366676],[28.06564,43.366703],[28.065828,43.366785],[28.065973,43.366847],[28.066134,43.36702],[28.066196,43.36715],[28.066275,43.367442],[28.066304,43.367488],[28.066326,43.367516],[28.066496,43.36767],[28.066643,43.367752],[28.066815,43.367711],[28.06741,43.367947],[28.067512,43.36815],[28.069484,43.368918],[28.076986,43.371744],[28.082079,43.373685],[28.082927,43.374075],[28.084499,43.374797],[28.088261,43.376513],[28.089209,43.376407],[28.089364,43.376185],[28.088704,43.37558],[28.08879,43.375116],[28.089144,43.374859],[28.089879,43.37482],[28.090311,43.374929],[28.090542,43.374818],[28.090769,43.374679],[28.090566,43.374487],[28.090326,43.374257],[28.090178,43.374091],[28.089896,43.373778],[28.089479,43.373341],[28.089321,43.37312],[28.088964,43.372761],[28.088932,43.372733],[28.088385,43.372226],[28.088056,43.371901],[28.087348,43.371117],[28.087094,43.370792],[28.086804,43.370407],[28.086474,43.369988],[28.086191,43.369641],[28.085689,43.368965],[28.085447,43.368584],[28.085238,43.368268],[28.085,43.367909],[28.08439,43.367095],[28.083902,43.366341],[28.083557,43.365797],[28.08328,43.365358],[28.083121,43.365145],[28.082921,43.364873],[28.082683,43.364504],[28.082583,43.364359],[28.082456,43.364138],[28.082288,43.363879],[28.081893,43.363237]]]}}
]}
